url,status,ok,ms,x_do_failure_code,x_do_failure_msg,x_do_orig_status,error
"http://127.0.0.1:3000/sitemap.xml","200","true","21","","","",""
"http://127.0.0.1:3000/sitemap.xml","200","true","33","","","",""
"http://127.0.0.1:3000/sitemap.xml","200","true","12","","","",""
"http://127.0.0.1:3000/question-bank","200","true","2615","","","",""
"http://127.0.0.1:3000/flashcards","200","true","2643","","","",""
"http://127.0.0.1:3000/question-bank","200","true","2742","","","",""
"http://127.0.0.1:3000/flashcards","200","true","2767","","","",""
"http://127.0.0.1:3000/question-bank","200","true","2860","","","",""
"http://127.0.0.1:3000/flashcards","200","true","2876","","","",""
"http://127.0.0.1:3000/blog","200","true","2902","","","",""
"http://127.0.0.1:3000/lessons","200","true","2907","","","",""
"http://127.0.0.1:3000/blog","200","true","2910","","","",""
"http://127.0.0.1:3000/lessons","200","true","2914","","","",""
"http://127.0.0.1:3000/blog","200","true","2919","","","",""
"http://127.0.0.1:3000/lessons","200","true","2924","","","",""
"http://127.0.0.1:3000/sitemap.xml","200","true","96","","","",""
"http://127.0.0.1:3000/sitemap.xml","200","true","366","","","",""
"http://127.0.0.1:3000/","200","true","3290","","","",""
"http://127.0.0.1:3000/","200","true","3289","","","",""
"http://127.0.0.1:3000/","200","true","3289","","","",""
"http://127.0.0.1:3000/sitemap.xml","200","true","834","","","",""
"http://127.0.0.1:3000/","200","true","5334","","","",""
"http://127.0.0.1:3000/question-bank","200","true","2731","","","",""
"http://127.0.0.1:3000/flashcards","200","true","2732","","","",""
"http://127.0.0.1:3000/question-bank","200","true","2802","","","",""
"http://127.0.0.1:3000/flashcards","200","true","2832","","","",""
"http://127.0.0.1:3000/blog","200","true","2793","","","",""
"http://127.0.0.1:3000/lessons","200","true","2847","","","",""
"http://127.0.0.1:3000/lessons","200","true","3119","","","",""
"http://127.0.0.1:3000/blog","200","true","3148","","","",""
"http://127.0.0.1:3000/blog","200","true","2868","","","",""
"http://127.0.0.1:3000/sitemap.xml","200","true","185","","","",""
"http://127.0.0.1:3000/question-bank","200","true","2713","","","",""
"http://127.0.0.1:3000/flashcards","200","true","2766","","","",""
"http://127.0.0.1:3000/lessons","200","true","2771","","","",""
"http://127.0.0.1:3000/sitemap.xml","200","true","524","","","",""
"http://127.0.0.1:3000/","200","true","3589","","","",""
"http://127.0.0.1:3000/","200","true","3562","","","",""
"http://127.0.0.1:3000/sitemap.xml","200","true","711","","","",""
"http://127.0.0.1:3000/","200","true","4021","","","",""
"http://127.0.0.1:3000/question-bank","200","true","2771","","","",""
"http://127.0.0.1:3000/flashcards","200","true","2884","","","",""
"http://127.0.0.1:3000/lessons","200","true","3128","","","",""
"http://127.0.0.1:3000/blog","200","true","3225","","","",""
"http://127.0.0.1:3000/sitemap.xml","200","true","164","","","",""
"http://127.0.0.1:3000/question-bank","200","true","3107","","","",""
"http://127.0.0.1:3000/flashcards","200","true","3136","","","",""
"http://127.0.0.1:3000/blog","200","true","3216","","","",""
"http://127.0.0.1:3000/lessons","200","true","3211","","","",""
"http://127.0.0.1:3000/blog","200","true","2921","","","",""
"http://127.0.0.1:3000/lessons","200","true","2921","","","",""
"http://127.0.0.1:3000/sitemap.xml","200","true","438","","","",""
"http://127.0.0.1:3000/","200","true","3667","","","",""
"http://127.0.0.1:3000/question-bank","200","true","2999","","","",""
"http://127.0.0.1:3000/flashcards","200","true","3007","","","",""
"http://127.0.0.1:3000/","200","true","3958","","","",""
"http://127.0.0.1:3000/sitemap.xml","200","true","700","","","",""
"http://127.0.0.1:3000/lessons","200","true","2455","","","",""
"http://127.0.0.1:3000/blog","200","true","2589","","","",""
"http://127.0.0.1:3000/question-bank","200","true","2857","","","",""
"http://127.0.0.1:3000/flashcards","200","true","2889","","","",""
"http://127.0.0.1:3000/","200","true","4455","","","",""
"http://127.0.0.1:3000/question-bank","200","true","2785","","","",""
"http://127.0.0.1:3000/flashcards","200","true","2819","","","",""
"http://127.0.0.1:3000/sitemap.xml","200","true","496","","","",""
"http://127.0.0.1:3000/question-bank","200","true","2813","","","",""
"http://127.0.0.1:3000/flashcards","200","true","2807","","","",""
"http://127.0.0.1:3000/blog","200","true","2889","","","",""
"http://127.0.0.1:3000/lessons","200","true","2889","","","",""
"http://127.0.0.1:3000/lessons","200","true","3403","","","",""
"http://127.0.0.1:3000/blog","200","true","3442","","","",""
"http://127.0.0.1:3000/sitemap.xml","200","true","398","","","",""
"http://127.0.0.1:3000/","200","true","4430","","","",""
"http://127.0.0.1:3000/","200","true","4222","","","",""
"http://127.0.0.1:3000/sitemap.xml","200","true","788","","","",""
"http://127.0.0.1:3000/question-bank","200","true","2571","","","",""
"http://127.0.0.1:3000/flashcards","200","true","2567","","","",""
"http://127.0.0.1:3000/lessons","200","true","3328","","","",""
"http://127.0.0.1:3000/blog","200","true","3341","","","",""
"http://127.0.0.1:3000/blog","200","true","2530","","","",""
"http://127.0.0.1:3000/sitemap.xml","200","true","435","","","",""
"http://127.0.0.1:3000/","200","true","4097","","","",""
"http://127.0.0.1:3000/question-bank","200","true","2561","","","",""
"http://127.0.0.1:3000/flashcards","200","true","2561","","","",""
"http://127.0.0.1:3000/lessons","200","true","2771","","","",""
"http://127.0.0.1:3000/lessons","200","true","2614","","","",""
"http://127.0.0.1:3000/blog","200","true","2618","","","",""
"http://127.0.0.1:3000/sitemap.xml","200","true","424","","","",""
"http://127.0.0.1:3000/","200","true","3597","","","",""
"http://127.0.0.1:3000/question-bank","200","true","2694","","","",""
"http://127.0.0.1:3000/","200","true","3496","","","",""
"http://127.0.0.1:3000/flashcards","200","true","2636","","","",""
"http://127.0.0.1:3000/sitemap.xml","200","true","790","","","",""
"http://127.0.0.1:3000/question-bank","200","true","2670","","","",""
"http://127.0.0.1:3000/flashcards","200","true","2689","","","",""
"http://127.0.0.1:3000/lessons","200","true","3372","","","",""
"http://127.0.0.1:3000/blog","200","true","3409","","","",""
"http://127.0.0.1:3000/question-bank","200","true","2954","","","",""
"http://127.0.0.1:3000/flashcards","200","true","2927","","","",""
"http://127.0.0.1:3000/blog","200","true","3098","","","",""
"http://127.0.0.1:3000/lessons","200","true","3028","","","",""
"http://127.0.0.1:3000/sitemap.xml","200","true","488","","","",""
"http://127.0.0.1:3000/","200","true","4321","","","",""
"http://127.0.0.1:3000/question-bank","200","true","3018","","","",""
"http://127.0.0.1:3000/blog","200","true","3067","","","",""
"http://127.0.0.1:3000/lessons","200","true","3068","","","",""
"http://127.0.0.1:3000/sitemap.xml","200","true","363","","","",""
"http://127.0.0.1:3000/","200","true","4025","","","",""
"http://127.0.0.1:3000/","200","true","3855","","","",""
"http://127.0.0.1:3000/flashcards","200","true","3017","","","",""
"http://127.0.0.1:3000/sitemap.xml","200","true","488","","","",""
"http://127.0.0.1:3000/lessons","200","true","2613","","","",""
"http://127.0.0.1:3000/blog","200","true","2639","","","",""
"http://127.0.0.1:3000/question-bank","200","true","2700","","","",""
"http://127.0.0.1:3000/flashcards","200","true","2717","","","",""
"http://127.0.0.1:3000/","200","true","4102","","","",""
"http://127.0.0.1:3000/sitemap.xml","200","true","632","","","",""
"http://127.0.0.1:3000/question-bank","200","true","3092","","","",""
"http://127.0.0.1:3000/flashcards","200","true","3139","","","",""
"http://127.0.0.1:3000/blog","200","true","3081","","","",""
"http://127.0.0.1:3000/lessons","200","true","3648","","","",""
"http://127.0.0.1:3000/blog","200","true","3652","","","",""
"http://127.0.0.1:3000/sitemap.xml","200","true","325","","","",""
"http://127.0.0.1:3000/question-bank","200","true","3130","","","",""
"http://127.0.0.1:3000/flashcards","200","true","3173","","","",""
"http://127.0.0.1:3000/lessons","200","true","3186","","","",""
"http://127.0.0.1:3000/","200","true","4401","","","",""
"http://127.0.0.1:3000/","200","true","3836","","","",""
"http://127.0.0.1:3000/blog","200","true","2959","","","",""
"http://127.0.0.1:3000/lessons","200","true","2959","","","",""
"http://127.0.0.1:3000/sitemap.xml","200","true","789","","","",""
"http://127.0.0.1:3000/question-bank","200","true","2959","","","",""
"http://127.0.0.1:3000/flashcards","200","true","2967","","","",""
"http://127.0.0.1:3000/","200","true","4409","","","",""
"http://127.0.0.1:3000/sitemap.xml","200","true","509","","","",""
"http://127.0.0.1:3000/question-bank","200","true","2815","","","",""
"http://127.0.0.1:3000/flashcards","200","true","2840","","","",""
"http://127.0.0.1:3000/blog","200","true","2951","","","",""
"http://127.0.0.1:3000/lessons","200","true","2900","","","",""
"http://127.0.0.1:3000/question-bank","200","true","2879","","","",""
"http://127.0.0.1:3000/blog","200","true","2935","","","",""
"http://127.0.0.1:3000/lessons","200","true","2893","","","",""
"http://127.0.0.1:3000/sitemap.xml","200","true","303","","","",""
"http://127.0.0.1:3000/","200","true","3790","","","",""
"http://127.0.0.1:3000/flashcards","200","true","2927","","","",""
"http://127.0.0.1:3000/blog","200","true","2879","","","",""
"http://127.0.0.1:3000/sitemap.xml","200","true","549","","","",""
"http://127.0.0.1:3000/","200","true","3936","","","",""
"http://127.0.0.1:3000/question-bank","200","true","2769","","","",""
"http://127.0.0.1:3000/flashcards","200","true","2790","","","",""
"http://127.0.0.1:3000/lessons","200","true","2867","","","",""
"http://127.0.0.1:3000/","200","true","4170","","","",""
"http://127.0.0.1:3000/sitemap.xml","200","true","626","","","",""
"http://127.0.0.1:3000/question-bank","200","true","2883","","","",""
"http://127.0.0.1:3000/flashcards","200","true","2901","","","",""
"http://127.0.0.1:3000/blog","200","true","3249","","","",""
"http://127.0.0.1:3000/lessons","200","true","3756","","","",""
"http://127.0.0.1:3000/blog","200","true","3788","","","",""
"http://127.0.0.1:3000/sitemap.xml","200","true","186","","","",""
"http://127.0.0.1:3000/question-bank","200","true","3221","","","",""
"http://127.0.0.1:3000/flashcards","200","true","3232","","","",""
"http://127.0.0.1:3000/lessons","200","true","3268","","","",""
"http://127.0.0.1:3000/","200","true","4694","","","",""
"http://127.0.0.1:3000/","200","true","4075","","","",""
"http://127.0.0.1:3000/question-bank","200","true","3129","","","",""
"http://127.0.0.1:3000/flashcards","200","true","3165","","","",""
"http://127.0.0.1:3000/blog","200","true","3308","","","",""
"http://127.0.0.1:3000/lessons","200","true","3220","","","",""
"http://127.0.0.1:3000/sitemap.xml","200","true","612","","","",""
"http://127.0.0.1:3000/","200","true","4565","","","",""
"http://127.0.0.1:3000/lessons","200","true","3174","","","",""
"http://127.0.0.1:3000/blog","200","true","3197","","","",""
"http://127.0.0.1:3000/sitemap.xml","200","true","845","","","",""
"http://127.0.0.1:3000/question-bank","200","true","3108","","","",""
"http://127.0.0.1:3000/flashcards","200","true","3138","","","",""
"http://127.0.0.1:3000/","200","true","4321","","","",""
"http://127.0.0.1:3000/question-bank","200","true","3146","","","",""
"http://127.0.0.1:3000/sitemap.xml","200","true","508","","","",""
"http://127.0.0.1:3000/flashcards","200","true","3092","","","",""
"http://127.0.0.1:3000/question-bank","200","true","3063","","","",""
"http://127.0.0.1:3000/blog","200","true","3074","","","",""
"http://127.0.0.1:3000/lessons","200","true","3083","","","",""
"http://127.0.0.1:3000/lessons","200","true","3759","","","",""
"http://127.0.0.1:3000/blog","200","true","3801","","","",""
"http://127.0.0.1:3000/sitemap.xml","200","true","462","","","",""
"http://127.0.0.1:3000/flashcards","200","true","3128","","","",""
"http://127.0.0.1:3000/","200","true","4742","","","",""
"http://127.0.0.1:3000/","200","true","3998","","","",""
"http://127.0.0.1:3000/sitemap.xml","200","true","848","","","",""
"http://127.0.0.1:3000/question-bank","200","true","2741","","","",""
"http://127.0.0.1:3000/flashcards","200","true","2737","","","",""
"http://127.0.0.1:3000/lessons","200","true","2811","","","",""
"http://127.0.0.1:3000/blog","200","true","3554","","","",""
"http://127.0.0.1:3000/","200","true","4284","","","",""
"http://127.0.0.1:3000/question-bank","200","true","2657","","","",""
"http://127.0.0.1:3000/flashcards","200","true","2680","","","",""
"http://127.0.0.1:3000/blog","200","true","2910","","","",""
"http://127.0.0.1:3000/lessons","200","true","2855","","","",""
"http://127.0.0.1:3000/blog","200","true","2696","","","",""
"http://127.0.0.1:3000/sitemap.xml","200","true","664","","","",""
"http://127.0.0.1:3000/","200","true","3829","","","",""
"http://127.0.0.1:3000/question-bank","200","true","2790","","","",""
"http://127.0.0.1:3000/lessons","200","true","2830","","","",""
"http://127.0.0.1:3000/sitemap.xml","200","true","326","","","",""
"http://127.0.0.1:3000/","200","true","3537","","","",""
"http://127.0.0.1:3000/flashcards","200","true","2721","","","",""
"http://127.0.0.1:3000/sitemap.xml","200","true","552","","","",""
"http://127.0.0.1:3000/question-bank","200","true","2440","","","",""
"http://127.0.0.1:3000/flashcards","200","true","2484","","","",""
"http://127.0.0.1:3000/blog","200","true","2522","","","",""
"http://127.0.0.1:3000/lessons","200","true","2493","","","",""
"http://127.0.0.1:3000/","200","true","3679","","","",""
"http://127.0.0.1:3000/question-bank","200","true","2809","","","",""
"http://127.0.0.1:3000/flashcards","200","true","2839","","","",""
"http://127.0.0.1:3000/sitemap.xml","200","true","852","","","",""
"http://127.0.0.1:3000/blog","200","true","3058","","","",""
"http://127.0.0.1:3000/lessons","200","true","3058","","","",""
"http://127.0.0.1:3000/lessons","200","true","3653","","","",""
"http://127.0.0.1:3000/blog","200","true","3691","","","",""
"http://127.0.0.1:3000/sitemap.xml","200","true","208","","","",""
"http://127.0.0.1:3000/question-bank","200","true","3068","","","",""
"http://127.0.0.1:3000/flashcards","200","true","3097","","","",""
"http://127.0.0.1:3000/","200","true","4442","","","",""
"http://127.0.0.1:3000/","200","true","3854","","","",""
"http://127.0.0.1:3000/question-bank","200","true","2866","","","",""
"http://127.0.0.1:3000/flashcards","200","true","2892","","","",""
"http://127.0.0.1:3000/sitemap.xml","200","true","708","","","",""
"http://127.0.0.1:3000/lessons","200","true","3494","","","",""
"http://127.0.0.1:3000/blog","200","true","3542","","","",""
"http://127.0.0.1:3000/","200","true","4234","","","",""
"http://127.0.0.1:3000/blog","200","true","2874","","","",""
"http://127.0.0.1:3000/sitemap.xml","200","true","575","","","",""
"http://127.0.0.1:3000/question-bank","200","true","2676","","","",""
"http://127.0.0.1:3000/flashcards","200","true","2704","","","",""
"http://127.0.0.1:3000/lessons","200","true","2804","","","",""
"http://127.0.0.1:3000/","200","true","3950","","","",""
"http://127.0.0.1:3000/question-bank","200","true","2932","","","",""
"http://127.0.0.1:3000/blog","200","true","3014","","","",""
"http://127.0.0.1:3000/lessons","200","true","2972","","","",""
"http://127.0.0.1:3000/sitemap.xml","200","true","420","","","",""
"http://127.0.0.1:3000/","200","true","3534","","","",""
"http://127.0.0.1:3000/flashcards","200","true","2845","","","",""
"http://127.0.0.1:3000/blog","200","true","2777","","","",""
"http://127.0.0.1:3000/sitemap.xml","200","true","714","","","",""
"http://127.0.0.1:3000/question-bank","200","true","2938","","","",""
"http://127.0.0.1:3000/flashcards","200","true","2968","","","",""
"http://127.0.0.1:3000/lessons","200","true","2982","","","",""
"http://127.0.0.1:3000/","200","true","4111","","","",""
"http://127.0.0.1:3000/sitemap.xml","200","true","569","","","",""
"http://127.0.0.1:3000/question-bank","200","true","2907","","","",""
"http://127.0.0.1:3000/flashcards","200","true","2944","","","",""
"http://127.0.0.1:3000/blog","200","true","3054","","","",""
"http://127.0.0.1:3000/lessons","200","true","2985","","","",""
"http://127.0.0.1:3000/","200","true","4181","","","",""
"http://127.0.0.1:3000/blog","200","true","3096","","","",""
"http://127.0.0.1:3000/lessons","200","true","3099","","","",""
"http://127.0.0.1:3000/sitemap.xml","200","true","348","","","",""
"http://127.0.0.1:3000/question-bank","200","true","3107","","","",""
"http://127.0.0.1:3000/flashcards","200","true","3136","","","",""
"http://127.0.0.1:3000/","200","true","4092","","","",""
"http://127.0.0.1:3000/question-bank","200","true","3004","","","",""
"http://127.0.0.1:3000/flashcards","200","true","3036","","","",""
"http://127.0.0.1:3000/blog","200","true","3171","","","",""
"http://127.0.0.1:3000/lessons","200","true","3077","","","",""
"http://127.0.0.1:3000/sitemap.xml","200","true","536","","","",""
"http://127.0.0.1:3000/","200","true","4232","","","",""
"http://127.0.0.1:3000/sitemap.xml","200","true","581","","","",""
"http://127.0.0.1:3000/question-bank","200","true","2890","","","",""
"http://127.0.0.1:3000/flashcards","200","true","2916","","","",""
"http://127.0.0.1:3000/blog","200","true","2968","","","",""
"http://127.0.0.1:3000/lessons","200","true","2932","","","",""
"http://127.0.0.1:3000/blog","200","true","2791","","","",""
"http://127.0.0.1:3000/sitemap.xml","200","true","367","","","",""
"http://127.0.0.1:3000/","200","true","3984","","","",""
"http://127.0.0.1:3000/question-bank","200","true","2912","","","",""
"http://127.0.0.1:3000/flashcards","200","true","2906","","","",""
"http://127.0.0.1:3000/lessons","200","true","2991","","","",""
"http://127.0.0.1:3000/","200","true","4046","","","",""
"http://127.0.0.1:3000/question-bank","200","true","3016","","","",""
"http://127.0.0.1:3000/blog","200","true","3024","","","",""
"http://127.0.0.1:3000/lessons","200","true","3024","","","",""
"http://127.0.0.1:3000/sitemap.xml","200","true","516","","","",""
"http://127.0.0.1:3000/flashcards","200","true","3091","","","",""
"http://127.0.0.1:3000/","200","true","4338","","","",""
"http://127.0.0.1:3000/question-bank","200","true","3293","","","",""
"http://127.0.0.1:3000/flashcards","200","true","3332","","","",""
"http://127.0.0.1:3000/sitemap.xml","200","true","592","","","",""
"http://127.0.0.1:3000/lessons","200","true","3795","","","",""
"http://127.0.0.1:3000/blog","200","true","3828","","","",""
"http://127.0.0.1:3000/","200","true","4217","","","",""
"http://127.0.0.1:3000/question-bank","200","true","3194","","","",""
"http://127.0.0.1:3000/flashcards","200","true","3223","","","",""
"http://127.0.0.1:3000/blog","200","true","3330","","","",""
"http://127.0.0.1:3000/lessons","200","true","3267","","","",""
"http://127.0.0.1:3000/sitemap.xml","200","true","550","","","",""
"http://127.0.0.1:3000/blog","200","true","2801","","","",""
"http://127.0.0.1:3000/lessons","200","true","2799","","","",""
"http://127.0.0.1:3000/sitemap.xml","200","true","526","","","",""
"http://127.0.0.1:3000/","200","true","4325","","","",""
"http://127.0.0.1:3000/question-bank","200","true","2964","","","",""
"http://127.0.0.1:3000/flashcards","200","true","2932","","","",""
"http://127.0.0.1:3000/","200","true","3883","","","",""
"http://127.0.0.1:3000/blog","200","true","2484","","","",""
"http://127.0.0.1:3000/sitemap.xml","200","true","418","","","",""
"http://127.0.0.1:3000/question-bank","200","true","2484","","","",""
"http://127.0.0.1:3000/flashcards","200","true","2514","","","",""
"http://127.0.0.1:3000/lessons","200","true","2540","","","",""
"http://127.0.0.1:3000/","200","true","3519","","","",""
"http://127.0.0.1:3000/question-bank","200","true","2674","","","",""
"http://127.0.0.1:3000/blog","200","true","2684","","","",""
"http://127.0.0.1:3000/lessons","200","true","2684","","","",""
"http://127.0.0.1:3000/sitemap.xml","200","true","419","","","",""
"http://127.0.0.1:3000/flashcards","200","true","2641","","","",""
"http://127.0.0.1:3000/","200","true","3776","","","",""
"http://127.0.0.1:3000/question-bank","200","true","2808","","","",""
"http://127.0.0.1:3000/flashcards","200","true","2805","","","",""
"http://127.0.0.1:3000/blog","200","true","2874","","","",""
"http://127.0.0.1:3000/lessons","200","true","2875","","","",""
"http://127.0.0.1:3000/sitemap.xml","200","true","572","","","",""
"http://127.0.0.1:3000/","200","true","3851","","","",""
"http://127.0.0.1:3000/sitemap.xml","200","true","400","","","",""
"http://127.0.0.1:3000/question-bank","200","true","2740","","","",""
"http://127.0.0.1:3000/flashcards","200","true","2765","","","",""
"http://127.0.0.1:3000/blog","200","true","2881","","","",""
"http://127.0.0.1:3000/lessons","200","true","2809","","","",""
"http://127.0.0.1:3000/","200","true","3756","","","",""
"http://127.0.0.1:3000/lessons","200","true","2708","","","",""
"http://127.0.0.1:3000/blog","200","true","2714","","","",""
"http://127.0.0.1:3000/sitemap.xml","200","true","513","","","",""
"http://127.0.0.1:3000/question-bank","200","true","2894","","","",""
"http://127.0.0.1:3000/flashcards","200","true","2893","","","",""
"http://127.0.0.1:3000/","200","true","3828","","","",""
"http://127.0.0.1:3000/question-bank","200","true","2734","","","",""
"http://127.0.0.1:3000/sitemap.xml","200","true","822","","","",""
"http://127.0.0.1:3000/flashcards","200","true","3071","","","",""
"http://127.0.0.1:3000/lessons","200","true","3519","","","",""
"http://127.0.0.1:3000/blog","200","true","3524","","","",""
"http://127.0.0.1:3000/question-bank","200","true","3061","","","",""
"http://127.0.0.1:3000/flashcards","200","true","3086","","","",""
"http://127.0.0.1:3000/blog","200","true","3124","","","",""
"http://127.0.0.1:3000/lessons","200","true","3098","","","",""
"http://127.0.0.1:3000/sitemap.xml","200","true","380","","","",""
"http://127.0.0.1:3000/","200","true","4450","","","",""
"http://127.0.0.1:3000/blog","200","true","2943","","","",""
"http://127.0.0.1:3000/sitemap.xml","200","true","709","","","",""
"http://127.0.0.1:3000/","200","true","4331","","","",""
"http://127.0.0.1:3000/question-bank","200","true","3242","","","",""
"http://127.0.0.1:3000/flashcards","200","true","3248","","","",""
"http://127.0.0.1:3000/lessons","200","true","3329","","","",""
"http://127.0.0.1:3000/","200","true","4313","","","",""
"http://127.0.0.1:3000/sitemap.xml","200","true","564","","","",""
"http://127.0.0.1:3000/question-bank","200","true","2998","","","",""
"http://127.0.0.1:3000/flashcards","200","true","3025","","","",""
"http://127.0.0.1:3000/blog","200","true","3088","","","",""
"http://127.0.0.1:3000/lessons","200","true","3041","","","",""
"http://127.0.0.1:3000/","200","true","4373","","","",""
"http://127.0.0.1:3000/blog","200","true","3104","","","",""
"http://127.0.0.1:3000/lessons","200","true","3102","","","",""
"http://127.0.0.1:3000/sitemap.xml","200","true","320","","","",""
"http://127.0.0.1:3000/question-bank","200","true","3047","","","",""
"http://127.0.0.1:3000/flashcards","200","true","3073","","","",""
"http://127.0.0.1:3000/","200","true","3929","","","",""
"http://127.0.0.1:3000/question-bank","200","true","2793","","","",""
"http://127.0.0.1:3000/flashcards","200","true","2814","","","",""
"http://127.0.0.1:3000/blog","200","true","2948","","","",""
"http://127.0.0.1:3000/lessons","200","true","2871","","","",""
"http://127.0.0.1:3000/sitemap.xml","200","true","694","","","",""
"http://127.0.0.1:3000/","200","true","4132","","","",""
"http://127.0.0.1:3000/question-bank","200","true","2875","","","",""
"http://127.0.0.1:3000/flashcards","200","true","2898","","","",""
"http://127.0.0.1:3000/sitemap.xml","200","true","682","","","",""
"http://127.0.0.1:3000/blog","200","true","2875","","","",""
"http://127.0.0.1:3000/lessons","200","true","3512","","","",""
"http://127.0.0.1:3000/blog","200","true","3545","","","",""
"http://127.0.0.1:3000/sitemap.xml","200","true","189","","","",""
"http://127.0.0.1:3000/question-bank","200","true","2852","","","",""
"http://127.0.0.1:3000/flashcards","200","true","2854","","","",""
"http://127.0.0.1:3000/lessons","200","true","2926","","","",""
"http://127.0.0.1:3000/","200","true","4350","","","",""
"http://127.0.0.1:3000/","200","true","3580","","","",""
"http://127.0.0.1:3000/question-bank","200","true","2720","","","",""
"http://127.0.0.1:3000/blog","200","true","2729","","","",""
"http://127.0.0.1:3000/lessons","200","true","2730","","","",""
"http://127.0.0.1:3000/sitemap.xml","200","true","678","","","",""
"http://127.0.0.1:3000/flashcards","200","true","2795","","","",""
"http://127.0.0.1:3000/","200","true","4301","","","",""
"http://127.0.0.1:3000/blog","200","true","3009","","","",""
"http://127.0.0.1:3000/sitemap.xml","200","true","701","","","",""
"http://127.0.0.1:3000/question-bank","200","true","3121","","","",""
"http://127.0.0.1:3000/flashcards","200","true","3151","","","",""
"http://127.0.0.1:3000/lessons","200","true","3217","","","",""
"http://127.0.0.1:3000/","200","true","4031","","","",""
"http://127.0.0.1:3000/question-bank","200","true","3204","","","",""
"http://127.0.0.1:3000/blog","200","true","3246","","","",""
"http://127.0.0.1:3000/lessons","200","true","3213","","","",""
"http://127.0.0.1:3000/sitemap.xml","200","true","373","","","",""
"http://127.0.0.1:3000/flashcards","200","true","3129","","","",""
"http://127.0.0.1:3000/lessons","200","true","3090","","","",""
"http://127.0.0.1:3000/blog","200","true","3097","","","",""
"http://127.0.0.1:3000/sitemap.xml","200","true","1189","","","",""
"http://127.0.0.1:3000/","200","true","4891","","","",""
"http://127.0.0.1:3000/question-bank","200","true","3746","","","",""
"http://127.0.0.1:3000/flashcards","200","true","3732","","","",""
"http://127.0.0.1:3000/","200","true","4911","","","",""
"http://127.0.0.1:3000/sitemap.xml","200","true","651","","","",""
"http://127.0.0.1:3000/question-bank","200","true","3325","","","",""
"http://127.0.0.1:3000/flashcards","200","true","3352","","","",""
"http://127.0.0.1:3000/blog","200","true","3464","","","",""
"http://127.0.0.1:3000/lessons","200","true","3399","","","",""
"http://127.0.0.1:3000/blog","200","true","3632","","","",""
"http://127.0.0.1:3000/lessons","200","true","3632","","","",""
"http://127.0.0.1:3000/sitemap.xml","200","true","261","","","",""
"http://127.0.0.1:3000/","200","true","4996","","","",""
"http://127.0.0.1:3000/question-bank","200","true","3662","","","",""
"http://127.0.0.1:3000/flashcards","200","true","3647","","","",""
"http://127.0.0.1:3000/","200","true","4520","","","",""
"http://127.0.0.1:3000/question-bank","200","true","3011","","","",""
"http://127.0.0.1:3000/flashcards","200","true","3007","","","",""
"http://127.0.0.1:3000/blog","200","true","3087","","","",""
"http://127.0.0.1:3000/lessons","200","true","3087","","","",""
"http://127.0.0.1:3000/sitemap.xml","200","true","449","","","",""
"http://127.0.0.1:3000/","200","true","4585","","","",""
"http://127.0.0.1:3000/sitemap.xml","200","true","788","","","",""
"http://127.0.0.1:3000/question-bank","200","true","2858","","","",""
"http://127.0.0.1:3000/flashcards","200","true","2884","","","",""
"http://127.0.0.1:3000/blog","200","true","2923","","","",""
"http://127.0.0.1:3000/lessons","200","true","2895","","","",""
"http://127.0.0.1:3000/","200","true","3958","","","",""
"http://127.0.0.1:3000/question-bank","200","true","2979","","","",""
"http://127.0.0.1:3000/flashcards","200","true","2975","","","",""
"http://127.0.0.1:3000/blog","200","true","3048","","","",""
"http://127.0.0.1:3000/lessons","200","true","3063","","","",""
"http://127.0.0.1:3000/sitemap.xml","200","true","578","","","",""
"http://127.0.0.1:3000/","200","true","3771","","","",""
"http://127.0.0.1:3000/question-bank","200","true","2839","","","",""
"http://127.0.0.1:3000/blog","200","true","2848","","","",""
"http://127.0.0.1:3000/lessons","200","true","2847","","","",""
"http://127.0.0.1:3000/sitemap.xml","200","true","408","","","",""
"http://127.0.0.1:3000/flashcards","200","true","2883","","","",""
"http://127.0.0.1:3000/","200","true","3885","","","",""
"http://127.0.0.1:3000/question-bank","200","true","2709","","","",""
"http://127.0.0.1:3000/flashcards","200","true","2736","","","",""
"http://127.0.0.1:3000/sitemap.xml","200","true","685","","","",""
"http://127.0.0.1:3000/lessons","200","true","3321","","","",""
"http://127.0.0.1:3000/blog","200","true","3353","","","",""
"http://127.0.0.1:3000/question-bank","200","true","2655","","","",""
"http://127.0.0.1:3000/blog","200","true","2676","","","",""
"http://127.0.0.1:3000/lessons","200","true","2666","","","",""
"http://127.0.0.1:3000/sitemap.xml","200","true","462","","","",""
"http://127.0.0.1:3000/","200","true","4320","","","",""
"http://127.0.0.1:3000/flashcards","200","true","2748","","","",""
"http://127.0.0.1:3000/blog","200","true","2701","","","",""
"http://127.0.0.1:3000/lessons","200","true","2699","","","",""
"http://127.0.0.1:3000/sitemap.xml","200","true","458","","","",""
"http://127.0.0.1:3000/","200","true","3771","","","",""
"http://127.0.0.1:3000/question-bank","200","true","2896","","","",""
"http://127.0.0.1:3000/flashcards","200","true","2898","","","",""
"http://127.0.0.1:3000/","200","true","4390","","","",""
"http://127.0.0.1:3000/blog","200","true","3315","","","",""
"http://127.0.0.1:3000/sitemap.xml","200","true","846","","","",""
"http://127.0.0.1:3000/question-bank","200","true","3608","","","",""
"http://127.0.0.1:3000/flashcards","200","true","3730","","","",""
"http://127.0.0.1:3000/lessons","200","true","3753","","","",""
"http://127.0.0.1:3000/","200","true","5116","","","",""
"http://127.0.0.1:3000/blog","200","true","4153","","","",""
"http://127.0.0.1:3000/sitemap.xml","200","true","460","","","",""
"http://127.0.0.1:3000/question-bank","200","true","4188","","","",""
"http://127.0.0.1:3000/flashcards","200","true","4172","","","",""
"http://127.0.0.1:3000/lessons","200","true","4239","","","",""
"http://127.0.0.1:3000/","200","true","5380","","","",""
"http://127.0.0.1:3000/question-bank","200","true","4405","","","",""
"http://127.0.0.1:3000/flashcards","200","true","4402","","","",""
"http://127.0.0.1:3000/blog","200","true","4484","","","",""
"http://127.0.0.1:3000/lessons","200","true","4476","","","",""
"http://127.0.0.1:3000/sitemap.xml","200","true","544","","","",""
"http://127.0.0.1:3000/","200","true","5342","","","",""
"http://127.0.0.1:3000/sitemap.xml","200","true","976","","","",""
"http://127.0.0.1:3000/question-bank","200","true","3719","","","",""
"http://127.0.0.1:3000/flashcards","200","true","3741","","","",""
"http://127.0.0.1:3000/blog","200","true","3951","","","",""
"http://127.0.0.1:3000/lessons","200","true","3873","","","",""
"http://127.0.0.1:3000/","200","true","5402","","","",""
"http://127.0.0.1:3000/sitemap.xml","200","true","446","","","",""
"http://127.0.0.1:3000/question-bank","200","true","3609","","","",""
"http://127.0.0.1:3000/flashcards","200","true","3641","","","",""
"http://127.0.0.1:3000/blog","200","true","3776","","","",""
"http://127.0.0.1:3000/lessons","200","true","3687","","","",""
"http://127.0.0.1:3000/","200","true","4761","","","",""
"http://127.0.0.1:3000/question-bank","200","true","3520","","","",""
"http://127.0.0.1:3000/blog","200","true","3529","","","",""
"http://127.0.0.1:3000/lessons","200","true","3530","","","",""
"http://127.0.0.1:3000/flashcards","200","true","3377","","","",""
"http://127.0.0.1:3000/","200","true","4040","","","",""
"http://127.0.0.1:3000/question-bank","200","true","2582","","","",""
"http://127.0.0.1:3000/flashcards","200","true","2609","","","",""
"http://127.0.0.1:3000/lessons","200","true","2626","","","",""
"http://127.0.0.1:3000/blog","200","true","2654","","","",""
"http://127.0.0.1:3000/","200","true","2800","","","",""
"http://127.0.0.1:3000/blog","200","true","1455","","","",""
"http://127.0.0.1:3000/","200","true","1584","","","",""
