route	http	title_snip
/us/new-grad	000ERR	
/canada/new-grad	000ERR	
/en/new-grad	000ERR	
/new-grad	000ERR	
/us/new-grad/med-surg	000ERR	
/canada/new-grad/med-surg	000ERR	
/us/new-grad/emergency-department	000ERR	
/canada/new-grad/emergency-department	000ERR	
/us/new-grad/icu	000ERR	
/canada/new-grad/icu	000ERR	
/us/new-grad/pediatric-icu	000ERR	
/canada/new-grad/pediatric-icu	000ERR	
/us/new-grad/neonatal-icu	000ERR	
/canada/new-grad/neonatal-icu	000ERR	
/us/new-grad/cardiac-icu	000ERR	
/canada/new-grad/cardiac-icu	000ERR	
/us/new-grad/neuro-icu	000ERR	
/canada/new-grad/neuro-icu	000ERR	
/us/new-grad/trauma	000ERR	
/canada/new-grad/trauma	000ERR	
/us/new-grad/long-term-care	000ERR	
/canada/new-grad/long-term-care	000ERR	
/us/new-grad/rehabilitation	000ERR	
/canada/new-grad/rehabilitation	000ERR	
/us/new-grad/mental-health	000ERR	
/canada/new-grad/mental-health	000ERR	
/us/new-grad/pediatrics	000ERR	
/canada/new-grad/pediatrics	000ERR	
/us/new-grad/maternal-newborn	000ERR	
/canada/new-grad/maternal-newborn	000ERR	
/us/new-grad/labour-delivery	000ERR	
/canada/new-grad/labour-delivery	000ERR	
/us/new-grad/oncology-hematology	000ERR	
/canada/new-grad/oncology-hematology	000ERR	
/us/new-grad/renal-dialysis	000ERR	
/canada/new-grad/renal-dialysis	000ERR	
/us/new-grad/operating-room	000ERR	
/canada/new-grad/operating-room	000ERR	
/us/new-grad/pacu	000ERR	
/canada/new-grad/pacu	000ERR	
/us/new-grad/community-public-health	000ERR	
/canada/new-grad/community-public-health	000ERR	
/us/new-grad/primary-care-clinics	000ERR	
/canada/new-grad/primary-care-clinics	000ERR	
/us/new-grad/home-care	000ERR	
/canada/new-grad/home-care	000ERR	
/us/new-grad/hospice-palliative-care	000ERR	
/canada/new-grad/hospice-palliative-care	000ERR	
/us/rn/new-grad-transition/lessons	000ERR	
/us/rn/new-grad-transition/questions	000ERR	
/us/rn/new-grad-transition/cat	000ERR	
/signup	000ERR	
