slug	word_count	seo_title_len	seo_desc_len	canonical_ok	internal_link_count	title
new-grad-nurse-residency-goals-and-eportfolio-documentation	3521	54	153	yes	12	New Grad Nurse Residency Goals, ePortfolio Documentation, and Preceptor Alignment
nclex-to-bedside-clinical-judgment-gap-strategies	3549	49	153	yes	12	Closing the NCLEX-to-Bedside Clinical Judgment Gap: Practical Strategies for New Graduate RNs
rpn-lpn-new-graduate-role-clarity-and-emerging-concerns	3579	50	153	yes	12	RPN and LPN New Graduate Role Clarity, Supervision, and Emerging Patient Concerns
first-night-shift-survival-time-pacing-for-new-grad-nurses	3641	52	153	yes	12	First Night Shift Survival: Time Pacing, Hydration, and Cognitive Safety for New Graduates
new-grad-nurse-sbar-handoff-quality-and-liability-basics	3554	55	153	yes	12	SBAR Handoff Quality, Liability Basics, and What Charge Nurses Expect From New Graduates
transition-to-practice-emotional-realism-and-imposter-feelings	3595	53	153	yes	12	Transition to Practice Emotional Realism: Imposter Feelings Without Abandoning Clinical Standards
new-grad-nurse-prioritization-when-every-task-feels-urgent	3642	56	153	yes	12	Prioritization When Every Task Feels Urgent: A New Graduate Nurse Framework
deteriorating-patient-early-warnings-for-new-graduate-nurses	3609	52	153	yes	12	Deteriorating Patient Early Warnings New Graduate Nurses Should Rehearse Before the Code
new-grad-documentation-defensible-notes-without-copy-forward-errors	3575	52	153	yes	12	Defensible Nursing Documentation for New Graduates: Avoiding Copy-Forward and Vague Language
delegation-five-rights-and-unlicensed-assistive-personnel-basics	3648	54	153	yes	12	Delegation Five Rights and UAP Basics: New Graduate Boundaries on Busy Floors
new-grad-nurse-family-updates-and-therapeutic-communication-under-stress	3589	56	153	yes	12	Family Updates and Therapeutic Communication Under Stress: New Graduate Pearls
medication-reconciliation-and-high-alert-meds-for-new-grads	3521	52	153	yes	12	Medication Reconciliation and High-Alert Medications: New Graduate Verification Habits
new-grad-in-icu-orientation-safety-culture-and-asking-for-help	3519	51	153	yes	12	New Graduate Nurses in ICU Orientation: Safety Culture, Asking for Help, and Alarm Literacy
new-grad-in-emergency-department-triage-minded-assessment-habits	3628	52	153	yes	12	Emergency Department Orientation for New Graduates: Triage-Minded Assessment Habits
postpartum-new-grad-hemorrhage-red-flags-and-team-activation	3520	51	153	yes	12	Postpartum Hemorrhage Red Flags for New Graduate Nurses: Assessment, Activation, and Communication
pediatric-new-grad-weight-based-dosing-and-family-centered-cues	3579	46	153	yes	12	Pediatric New Graduate Essentials: Weight-Based Dosing Checks and Family-Centered Cues
oncology-new-grad-chemo-biotherapy-principles-and-protective-questions	3619	46	153	yes	12	Oncology New Graduate Orientation: Chemotherapy and Biotherapy Principles and Protective Questions
orthopedic-new-grad-neurovascular-assessment-and-compartment-syndrome-awareness	3544	57	153	yes	12	Orthopedic New Graduate Skills: Neurovascular Checks and Compartment Syndrome Awareness
psychiatric-new-grad-trauma-informed-language-and-safety-planning	3614	50	153	yes	12	Psychiatric Nursing for New Graduates: Trauma-Informed Language and Collaborative Safety Planning
perioperative-new-grad-counts-consent-and-time-out-participation	3575	51	153	yes	12	Perioperative New Graduate Orientation: Counts, Consent Verification, and Time-Out Participation
home-health-new-grad-solo-visit-safety-and-communication-backup	3598	57	153	yes	12	Home Health New Graduate Safety: Solo Visits, Communication Backup, and Environmental Scanning
dialysis-new-grad-access-assessment-and-fluid-shift-thinking	3560	53	153	yes	12	Dialysis New Graduate Orientation: Access Assessment, Fluid Shifts, and Hypotension Patterns
new-grad-nurse-bullying-bystander-skills-and-professional-anchors	3602	54	153	yes	12	Workplace Incivility: Bystander Skills and Professional Anchors for New Graduate Nurses
new-grad-nurse-wellness-micro-habits-and-compassion-fatigue-guardrails	3524	55	153	yes	12	Compassion Fatigue Guardrails: Micro-Habits New Graduate Nurses Can Sustain on Heavy Units
new-grad-nurse-ethical-uncertainty-and-chain-of-command-use	3571	57	153	yes	12	Ethical Uncertainty and Chain of Command: New Graduate Nurses Navigating Gray-Zone Decisions
new-grad-nursing-first-shift-organization-medical-surgical-transition-longtail	3506	53	153	yes	12	First-shift organization for New Graduate Nurses in medical-surgical: Transition-to-Practice Long-Tail Review
new-grad-nursing-first-shift-organization-stepdown-transition-longtail	3517	53	153	yes	12	First-shift organization for New Graduate Nurses in stepdown: Transition-to-Practice Long-Tail Review
new-grad-nursing-first-shift-organization-telemetry-transition-longtail	3500	53	153	yes	12	First-shift organization for New Graduate Nurses in telemetry: Transition-to-Practice Long-Tail Review
new-grad-nursing-first-shift-organization-emergency-department-transition-longtail	3530	53	153	yes	12	First-shift organization for New Graduate Nurses in emergency department: Transition-to-Practice Long-Tail Review
new-grad-nursing-first-shift-organization-intensive-care-transition-longtail	3538	53	153	yes	12	First-shift organization for New Graduate Nurses in intensive care: Transition-to-Practice Long-Tail Review
new-grad-nursing-first-shift-organization-postpartum-transition-longtail	3589	53	153	yes	12	First-shift organization for New Graduate Nurses in postpartum: Transition-to-Practice Long-Tail Review
new-grad-nursing-first-shift-organization-pediatrics-transition-longtail	3486	53	153	yes	12	First-shift organization for New Graduate Nurses in pediatrics: Transition-to-Practice Long-Tail Review
new-grad-nursing-first-shift-organization-oncology-transition-longtail	3494	53	153	yes	12	First-shift organization for New Graduate Nurses in oncology: Transition-to-Practice Long-Tail Review
new-grad-nursing-first-shift-organization-orthopedics-transition-longtail	3532	53	153	yes	12	First-shift organization for New Graduate Nurses in orthopedics: Transition-to-Practice Long-Tail Review
new-grad-nursing-first-shift-organization-neurology-and-stroke-care-transition-longtail	3558	53	153	yes	12	First-shift organization for New Graduate Nurses in neurology and stroke care: Transition-to-Practice Long-Tail Review
new-grad-nursing-first-shift-organization-gastroenterology-transition-longtail	3513	53	153	yes	12	First-shift organization for New Graduate Nurses in gastroenterology: Transition-to-Practice Long-Tail Review
new-grad-nursing-first-shift-organization-renal-and-nephrology-transition-longtail	3529	53	153	yes	12	First-shift organization for New Graduate Nurses in renal and nephrology: Transition-to-Practice Long-Tail Review
new-grad-nursing-first-shift-organization-cardiac-care-transition-longtail	3549	53	153	yes	12	First-shift organization for New Graduate Nurses in cardiac care: Transition-to-Practice Long-Tail Review
new-grad-nursing-first-shift-organization-pulmonary-care-transition-longtail	3562	53	153	yes	12	First-shift organization for New Graduate Nurses in pulmonary care: Transition-to-Practice Long-Tail Review
new-grad-nursing-first-shift-organization-community-health-transition-longtail	3516	53	153	yes	12	First-shift organization for New Graduate Nurses in community health: Transition-to-Practice Long-Tail Review
new-grad-nursing-first-shift-organization-home-health-transition-longtail	3529	53	153	yes	12	First-shift organization for New Graduate Nurses in home health: Transition-to-Practice Long-Tail Review
new-grad-nursing-first-shift-organization-inpatient-rehabilitation-transition-longtail	3532	53	153	yes	12	First-shift organization for New Graduate Nurses in inpatient rehabilitation: Transition-to-Practice Long-Tail Review
new-grad-nursing-first-shift-organization-psychiatric-inpatient-transition-longtail	3510	53	153	yes	12	First-shift organization for New Graduate Nurses in psychiatric inpatient: Transition-to-Practice Long-Tail Review
new-grad-nursing-first-shift-organization-perioperative-transition-longtail	3484	53	153	yes	12	First-shift organization for New Graduate Nurses in perioperative: Transition-to-Practice Long-Tail Review
new-grad-nursing-first-shift-organization-dialysis-transition-longtail	3578	53	153	yes	12	First-shift organization for New Graduate Nurses in dialysis: Transition-to-Practice Long-Tail Review
new-grad-nursing-sbar-bedside-reporting-medical-surgical-transition-longtail	3572	51	153	yes	12	SBAR bedside reporting for New Graduate Nurses in medical-surgical: Transition-to-Practice Long-Tail Review
new-grad-nursing-sbar-bedside-reporting-stepdown-transition-longtail	3528	51	153	yes	12	SBAR bedside reporting for New Graduate Nurses in stepdown: Transition-to-Practice Long-Tail Review
new-grad-nursing-sbar-bedside-reporting-telemetry-transition-longtail	3514	51	153	yes	12	SBAR bedside reporting for New Graduate Nurses in telemetry: Transition-to-Practice Long-Tail Review
new-grad-nursing-sbar-bedside-reporting-emergency-department-transition-longtail	3635	51	153	yes	12	SBAR bedside reporting for New Graduate Nurses in emergency department: Transition-to-Practice Long-Tail Review
new-grad-nursing-sbar-bedside-reporting-intensive-care-transition-longtail	3640	51	153	yes	12	SBAR bedside reporting for New Graduate Nurses in intensive care: Transition-to-Practice Long-Tail Review
new-grad-nursing-sbar-bedside-reporting-postpartum-transition-longtail	3607	51	153	yes	12	SBAR bedside reporting for New Graduate Nurses in postpartum: Transition-to-Practice Long-Tail Review
new-grad-nursing-sbar-bedside-reporting-pediatrics-transition-longtail	3554	51	153	yes	12	SBAR bedside reporting for New Graduate Nurses in pediatrics: Transition-to-Practice Long-Tail Review
new-grad-nursing-sbar-bedside-reporting-oncology-transition-longtail	3565	51	153	yes	12	SBAR bedside reporting for New Graduate Nurses in oncology: Transition-to-Practice Long-Tail Review
new-grad-nursing-sbar-bedside-reporting-orthopedics-transition-longtail	3561	51	153	yes	12	SBAR bedside reporting for New Graduate Nurses in orthopedics: Transition-to-Practice Long-Tail Review
new-grad-nursing-sbar-bedside-reporting-neurology-and-stroke-care-transition-longtail	3567	51	153	yes	12	SBAR bedside reporting for New Graduate Nurses in neurology and stroke care: Transition-to-Practice Long-Tail Review
new-grad-nursing-sbar-bedside-reporting-gastroenterology-transition-longtail	3520	51	153	yes	12	SBAR bedside reporting for New Graduate Nurses in gastroenterology: Transition-to-Practice Long-Tail Review
new-grad-nursing-sbar-bedside-reporting-renal-and-nephrology-transition-longtail	3566	51	153	yes	12	SBAR bedside reporting for New Graduate Nurses in renal and nephrology: Transition-to-Practice Long-Tail Review
new-grad-nursing-sbar-bedside-reporting-cardiac-care-transition-longtail	3609	51	153	yes	12	SBAR bedside reporting for New Graduate Nurses in cardiac care: Transition-to-Practice Long-Tail Review
new-grad-nursing-sbar-bedside-reporting-pulmonary-care-transition-longtail	3513	51	153	yes	12	SBAR bedside reporting for New Graduate Nurses in pulmonary care: Transition-to-Practice Long-Tail Review
new-grad-nursing-sbar-bedside-reporting-community-health-transition-longtail	3528	51	153	yes	12	SBAR bedside reporting for New Graduate Nurses in community health: Transition-to-Practice Long-Tail Review
new-grad-nursing-sbar-bedside-reporting-home-health-transition-longtail	3612	51	153	yes	12	SBAR bedside reporting for New Graduate Nurses in home health: Transition-to-Practice Long-Tail Review
new-grad-nursing-sbar-bedside-reporting-inpatient-rehabilitation-transition-longtail	3588	51	153	yes	12	SBAR bedside reporting for New Graduate Nurses in inpatient rehabilitation: Transition-to-Practice Long-Tail Review
new-grad-nursing-sbar-bedside-reporting-psychiatric-inpatient-transition-longtail	3609	51	153	yes	12	SBAR bedside reporting for New Graduate Nurses in psychiatric inpatient: Transition-to-Practice Long-Tail Review
new-grad-nursing-sbar-bedside-reporting-perioperative-transition-longtail	3540	51	153	yes	12	SBAR bedside reporting for New Graduate Nurses in perioperative: Transition-to-Practice Long-Tail Review
new-grad-nursing-sbar-bedside-reporting-dialysis-transition-longtail	3582	51	153	yes	12	SBAR bedside reporting for New Graduate Nurses in dialysis: Transition-to-Practice Long-Tail Review
new-grad-nursing-time-blocking-around-med-passes-medical-surgical-transition-longtail	3581	51	153	yes	12	Time-blocking around med passes for New Graduate Nurses in medical-surgical: Transition-to-Practice Long-Tail Review
new-grad-nursing-time-blocking-around-med-passes-stepdown-transition-longtail	3629	51	153	yes	12	Time-blocking around med passes for New Graduate Nurses in stepdown: Transition-to-Practice Long-Tail Review
new-grad-nursing-time-blocking-around-med-passes-telemetry-transition-longtail	3591	51	153	yes	12	Time-blocking around med passes for New Graduate Nurses in telemetry: Transition-to-Practice Long-Tail Review
new-grad-nursing-time-blocking-around-med-passes-emergency-department-transition-longtail	3599	51	153	yes	12	Time-blocking around med passes for New Graduate Nurses in emergency department: Transition-to-Practice Long-Tail Review
new-grad-nursing-time-blocking-around-med-passes-intensive-care-transition-longtail	3550	51	153	yes	12	Time-blocking around med passes for New Graduate Nurses in intensive care: Transition-to-Practice Long-Tail Review
new-grad-nursing-time-blocking-around-med-passes-postpartum-transition-longtail	3573	51	153	yes	12	Time-blocking around med passes for New Graduate Nurses in postpartum: Transition-to-Practice Long-Tail Review
new-grad-nursing-time-blocking-around-med-passes-pediatrics-transition-longtail	3623	51	153	yes	12	Time-blocking around med passes for New Graduate Nurses in pediatrics: Transition-to-Practice Long-Tail Review
new-grad-nursing-time-blocking-around-med-passes-oncology-transition-longtail	3561	51	153	yes	12	Time-blocking around med passes for New Graduate Nurses in oncology: Transition-to-Practice Long-Tail Review
new-grad-nursing-time-blocking-around-med-passes-orthopedics-transition-longtail	3531	51	153	yes	12	Time-blocking around med passes for New Graduate Nurses in orthopedics: Transition-to-Practice Long-Tail Review
new-grad-nursing-time-blocking-around-med-passes-neurology-and-stroke-care-transition-longtail	3562	51	153	yes	12	Time-blocking around med passes for New Graduate Nurses in neurology and stroke care: Transition-to-Practice Long-Tail Review
new-grad-nursing-time-blocking-around-med-passes-gastroenterology-transition-longtail	3585	51	153	yes	12	Time-blocking around med passes for New Graduate Nurses in gastroenterology: Transition-to-Practice Long-Tail Review
new-grad-nursing-time-blocking-around-med-passes-renal-and-nephrology-transition-longtail	3599	51	153	yes	12	Time-blocking around med passes for New Graduate Nurses in renal and nephrology: Transition-to-Practice Long-Tail Review
new-grad-nursing-time-blocking-around-med-passes-cardiac-care-transition-longtail	3561	51	153	yes	12	Time-blocking around med passes for New Graduate Nurses in cardiac care: Transition-to-Practice Long-Tail Review
new-grad-nursing-time-blocking-around-med-passes-pulmonary-care-transition-longtail	3575	51	153	yes	12	Time-blocking around med passes for New Graduate Nurses in pulmonary care: Transition-to-Practice Long-Tail Review
new-grad-nursing-time-blocking-around-med-passes-community-health-transition-longtail	3561	51	153	yes	12	Time-blocking around med passes for New Graduate Nurses in community health: Transition-to-Practice Long-Tail Review
new-grad-nursing-time-blocking-around-med-passes-home-health-transition-longtail	3556	51	153	yes	12	Time-blocking around med passes for New Graduate Nurses in home health: Transition-to-Practice Long-Tail Review
new-grad-nursing-time-blocking-around-med-passes-inpatient-rehabilitation-transition-longtail	3538	51	153	yes	12	Time-blocking around med passes for New Graduate Nurses in inpatient rehabilitation: Transition-to-Practice Long-Tail Review
new-grad-nursing-time-blocking-around-med-passes-psychiatric-inpatient-transition-longtail	3569	51	153	yes	12	Time-blocking around med passes for New Graduate Nurses in psychiatric inpatient: Transition-to-Practice Long-Tail Review
new-grad-nursing-time-blocking-around-med-passes-perioperative-transition-longtail	3567	51	153	yes	12	Time-blocking around med passes for New Graduate Nurses in perioperative: Transition-to-Practice Long-Tail Review
new-grad-nursing-time-blocking-around-med-passes-dialysis-transition-longtail	3570	51	153	yes	12	Time-blocking around med passes for New Graduate Nurses in dialysis: Transition-to-Practice Long-Tail Review
new-grad-nursing-abc-versus-maslow-prioritization-medical-surgical-transition-longtail	3576	52	153	yes	12	ABC versus Maslow prioritization for New Graduate Nurses in medical-surgical: Transition-to-Practice Long-Tail Review
new-grad-nursing-abc-versus-maslow-prioritization-stepdown-transition-longtail	3550	52	153	yes	12	ABC versus Maslow prioritization for New Graduate Nurses in stepdown: Transition-to-Practice Long-Tail Review
new-grad-nursing-abc-versus-maslow-prioritization-telemetry-transition-longtail	3566	52	153	yes	12	ABC versus Maslow prioritization for New Graduate Nurses in telemetry: Transition-to-Practice Long-Tail Review
new-grad-nursing-abc-versus-maslow-prioritization-emergency-department-transition-longtail	3638	52	153	yes	12	ABC versus Maslow prioritization for New Graduate Nurses in emergency department: Transition-to-Practice Long-Tail Review
new-grad-nursing-abc-versus-maslow-prioritization-intensive-care-transition-longtail	3581	52	153	yes	12	ABC versus Maslow prioritization for New Graduate Nurses in intensive care: Transition-to-Practice Long-Tail Review
new-grad-nursing-abc-versus-maslow-prioritization-postpartum-transition-longtail	3563	52	153	yes	12	ABC versus Maslow prioritization for New Graduate Nurses in postpartum: Transition-to-Practice Long-Tail Review
new-grad-nursing-abc-versus-maslow-prioritization-pediatrics-transition-longtail	3570	52	153	yes	12	ABC versus Maslow prioritization for New Graduate Nurses in pediatrics: Transition-to-Practice Long-Tail Review
new-grad-nursing-abc-versus-maslow-prioritization-oncology-transition-longtail	3567	52	153	yes	12	ABC versus Maslow prioritization for New Graduate Nurses in oncology: Transition-to-Practice Long-Tail Review
new-grad-nursing-abc-versus-maslow-prioritization-orthopedics-transition-longtail	3554	52	153	yes	12	ABC versus Maslow prioritization for New Graduate Nurses in orthopedics: Transition-to-Practice Long-Tail Review
new-grad-nursing-abc-versus-maslow-prioritization-neurology-and-stroke-care-transition-longtail	3521	52	153	yes	12	ABC versus Maslow prioritization for New Graduate Nurses in neurology and stroke care: Transition-to-Practice Long-Tail Review
new-grad-nursing-abc-versus-maslow-prioritization-gastroenterology-transition-longtail	3602	52	153	yes	12	ABC versus Maslow prioritization for New Graduate Nurses in gastroenterology: Transition-to-Practice Long-Tail Review
new-grad-nursing-abc-versus-maslow-prioritization-renal-and-nephrology-transition-longtail	3572	52	153	yes	12	ABC versus Maslow prioritization for New Graduate Nurses in renal and nephrology: Transition-to-Practice Long-Tail Review
new-grad-nursing-abc-versus-maslow-prioritization-cardiac-care-transition-longtail	3592	52	153	yes	12	ABC versus Maslow prioritization for New Graduate Nurses in cardiac care: Transition-to-Practice Long-Tail Review
new-grad-nursing-abc-versus-maslow-prioritization-pulmonary-care-transition-longtail	3566	52	153	yes	12	ABC versus Maslow prioritization for New Graduate Nurses in pulmonary care: Transition-to-Practice Long-Tail Review
new-grad-nursing-abc-versus-maslow-prioritization-community-health-transition-longtail	3530	52	153	yes	12	ABC versus Maslow prioritization for New Graduate Nurses in community health: Transition-to-Practice Long-Tail Review
new-grad-nursing-abc-versus-maslow-prioritization-home-health-transition-longtail	3562	52	153	yes	12	ABC versus Maslow prioritization for New Graduate Nurses in home health: Transition-to-Practice Long-Tail Review
new-grad-nursing-abc-versus-maslow-prioritization-inpatient-rehabilitation-transition-longtail	3547	52	153	yes	12	ABC versus Maslow prioritization for New Graduate Nurses in inpatient rehabilitation: Transition-to-Practice Long-Tail Review
new-grad-nursing-abc-versus-maslow-prioritization-psychiatric-inpatient-transition-longtail	3586	52	153	yes	12	ABC versus Maslow prioritization for New Graduate Nurses in psychiatric inpatient: Transition-to-Practice Long-Tail Review
new-grad-nursing-abc-versus-maslow-prioritization-perioperative-transition-longtail	3533	52	153	yes	12	ABC versus Maslow prioritization for New Graduate Nurses in perioperative: Transition-to-Practice Long-Tail Review
new-grad-nursing-abc-versus-maslow-prioritization-dialysis-transition-longtail	3567	52	153	yes	12	ABC versus Maslow prioritization for New Graduate Nurses in dialysis: Transition-to-Practice Long-Tail Review
new-grad-nursing-delegation-within-legal-scope-medical-surgical-transition-longtail	3561	49	153	yes	12	Delegation within legal scope for New Graduate Nurses in medical-surgical: Transition-to-Practice Long-Tail Review
new-grad-nursing-delegation-within-legal-scope-stepdown-transition-longtail	3546	49	153	yes	12	Delegation within legal scope for New Graduate Nurses in stepdown: Transition-to-Practice Long-Tail Review
new-grad-nursing-delegation-within-legal-scope-telemetry-transition-longtail	3560	49	153	yes	12	Delegation within legal scope for New Graduate Nurses in telemetry: Transition-to-Practice Long-Tail Review
new-grad-nursing-delegation-within-legal-scope-emergency-department-transition-longtail	3561	49	153	yes	12	Delegation within legal scope for New Graduate Nurses in emergency department: Transition-to-Practice Long-Tail Review
new-grad-nursing-delegation-within-legal-scope-intensive-care-transition-longtail	3553	49	153	yes	12	Delegation within legal scope for New Graduate Nurses in intensive care: Transition-to-Practice Long-Tail Review
new-grad-nursing-delegation-within-legal-scope-postpartum-transition-longtail	3604	49	153	yes	12	Delegation within legal scope for New Graduate Nurses in postpartum: Transition-to-Practice Long-Tail Review
new-grad-nursing-delegation-within-legal-scope-pediatrics-transition-longtail	3585	49	153	yes	12	Delegation within legal scope for New Graduate Nurses in pediatrics: Transition-to-Practice Long-Tail Review
new-grad-nursing-delegation-within-legal-scope-oncology-transition-longtail	3558	49	153	yes	12	Delegation within legal scope for New Graduate Nurses in oncology: Transition-to-Practice Long-Tail Review
new-grad-nursing-delegation-within-legal-scope-orthopedics-transition-longtail	3500	49	153	yes	12	Delegation within legal scope for New Graduate Nurses in orthopedics: Transition-to-Practice Long-Tail Review
new-grad-nursing-delegation-within-legal-scope-neurology-and-stroke-care-transition-longtail	3608	49	153	yes	12	Delegation within legal scope for New Graduate Nurses in neurology and stroke care: Transition-to-Practice Long-Tail Review
new-grad-nursing-delegation-within-legal-scope-gastroenterology-transition-longtail	3529	49	153	yes	12	Delegation within legal scope for New Graduate Nurses in gastroenterology: Transition-to-Practice Long-Tail Review
new-grad-nursing-delegation-within-legal-scope-renal-and-nephrology-transition-longtail	3573	49	153	yes	12	Delegation within legal scope for New Graduate Nurses in renal and nephrology: Transition-to-Practice Long-Tail Review
new-grad-nursing-delegation-within-legal-scope-cardiac-care-transition-longtail	3548	49	153	yes	12	Delegation within legal scope for New Graduate Nurses in cardiac care: Transition-to-Practice Long-Tail Review
new-grad-nursing-delegation-within-legal-scope-pulmonary-care-transition-longtail	3507	49	153	yes	12	Delegation within legal scope for New Graduate Nurses in pulmonary care: Transition-to-Practice Long-Tail Review
new-grad-nursing-delegation-within-legal-scope-community-health-transition-longtail	3571	49	153	yes	12	Delegation within legal scope for New Graduate Nurses in community health: Transition-to-Practice Long-Tail Review
new-grad-nursing-delegation-within-legal-scope-home-health-transition-longtail	3517	49	153	yes	12	Delegation within legal scope for New Graduate Nurses in home health: Transition-to-Practice Long-Tail Review
new-grad-nursing-delegation-within-legal-scope-inpatient-rehabilitation-transition-longtail	3556	49	153	yes	12	Delegation within legal scope for New Graduate Nurses in inpatient rehabilitation: Transition-to-Practice Long-Tail Review
new-grad-nursing-delegation-within-legal-scope-psychiatric-inpatient-transition-longtail	3510	49	153	yes	12	Delegation within legal scope for New Graduate Nurses in psychiatric inpatient: Transition-to-Practice Long-Tail Review
new-grad-nursing-delegation-within-legal-scope-perioperative-transition-longtail	3567	49	153	yes	12	Delegation within legal scope for New Graduate Nurses in perioperative: Transition-to-Practice Long-Tail Review
new-grad-nursing-delegation-within-legal-scope-dialysis-transition-longtail	3545	49	153	yes	12	Delegation within legal scope for New Graduate Nurses in dialysis: Transition-to-Practice Long-Tail Review
new-grad-nursing-early-recognition-of-deterioration-medical-surgical-transition-longtail	3530	54	153	yes	12	Early recognition of deterioration for New Graduate Nurses in medical-surgical: Transition-to-Practice Long-Tail Review
new-grad-nursing-early-recognition-of-deterioration-stepdown-transition-longtail	3561	54	153	yes	12	Early recognition of deterioration for New Graduate Nurses in stepdown: Transition-to-Practice Long-Tail Review
new-grad-nursing-early-recognition-of-deterioration-telemetry-transition-longtail	3543	54	153	yes	12	Early recognition of deterioration for New Graduate Nurses in telemetry: Transition-to-Practice Long-Tail Review
new-grad-nursing-early-recognition-of-deterioration-emergency-department-transition-longtail	3563	54	153	yes	12	Early recognition of deterioration for New Graduate Nurses in emergency department: Transition-to-Practice Long-Tail Review
new-grad-nursing-early-recognition-of-deterioration-intensive-care-transition-longtail	3546	54	153	yes	12	Early recognition of deterioration for New Graduate Nurses in intensive care: Transition-to-Practice Long-Tail Review
new-grad-nursing-early-recognition-of-deterioration-postpartum-transition-longtail	3484	54	153	yes	12	Early recognition of deterioration for New Graduate Nurses in postpartum: Transition-to-Practice Long-Tail Review
new-grad-nursing-early-recognition-of-deterioration-pediatrics-transition-longtail	3602	54	153	yes	12	Early recognition of deterioration for New Graduate Nurses in pediatrics: Transition-to-Practice Long-Tail Review
new-grad-nursing-early-recognition-of-deterioration-oncology-transition-longtail	3530	54	153	yes	12	Early recognition of deterioration for New Graduate Nurses in oncology: Transition-to-Practice Long-Tail Review
new-grad-nursing-early-recognition-of-deterioration-orthopedics-transition-longtail	3550	54	153	yes	12	Early recognition of deterioration for New Graduate Nurses in orthopedics: Transition-to-Practice Long-Tail Review
new-grad-nursing-early-recognition-of-deterioration-neurology-and-stroke-care-transition-longtail	3543	54	153	yes	12	Early recognition of deterioration for New Graduate Nurses in neurology and stroke care: Transition-to-Practice Long-Tail Review
new-grad-nursing-early-recognition-of-deterioration-gastroenterology-transition-longtail	3583	54	153	yes	12	Early recognition of deterioration for New Graduate Nurses in gastroenterology: Transition-to-Practice Long-Tail Review
new-grad-nursing-early-recognition-of-deterioration-renal-and-nephrology-transition-longtail	3530	54	153	yes	12	Early recognition of deterioration for New Graduate Nurses in renal and nephrology: Transition-to-Practice Long-Tail Review
new-grad-nursing-early-recognition-of-deterioration-cardiac-care-transition-longtail	3548	54	153	yes	12	Early recognition of deterioration for New Graduate Nurses in cardiac care: Transition-to-Practice Long-Tail Review
new-grad-nursing-early-recognition-of-deterioration-pulmonary-care-transition-longtail	3566	54	153	yes	12	Early recognition of deterioration for New Graduate Nurses in pulmonary care: Transition-to-Practice Long-Tail Review
new-grad-nursing-early-recognition-of-deterioration-community-health-transition-longtail	3577	54	153	yes	12	Early recognition of deterioration for New Graduate Nurses in community health: Transition-to-Practice Long-Tail Review
new-grad-nursing-early-recognition-of-deterioration-home-health-transition-longtail	3538	54	153	yes	12	Early recognition of deterioration for New Graduate Nurses in home health: Transition-to-Practice Long-Tail Review
new-grad-nursing-early-recognition-of-deterioration-inpatient-rehabilitation-transition-longtail	3513	54	153	yes	12	Early recognition of deterioration for New Graduate Nurses in inpatient rehabilitation: Transition-to-Practice Long-Tail Review
new-grad-nursing-early-recognition-of-deterioration-psychiatric-inpatient-transition-longtail	3563	54	153	yes	12	Early recognition of deterioration for New Graduate Nurses in psychiatric inpatient: Transition-to-Practice Long-Tail Review
new-grad-nursing-early-recognition-of-deterioration-perioperative-transition-longtail	3557	54	153	yes	12	Early recognition of deterioration for New Graduate Nurses in perioperative: Transition-to-Practice Long-Tail Review
new-grad-nursing-early-recognition-of-deterioration-dialysis-transition-longtail	3558	54	153	yes	12	Early recognition of deterioration for New Graduate Nurses in dialysis: Transition-to-Practice Long-Tail Review
new-grad-nursing-respectful-clinical-inquiry-medical-surgical-transition-longtail	3561	56	153	yes	12	Respectful clinical inquiry for New Graduate Nurses in medical-surgical: Transition-to-Practice Long-Tail Review
new-grad-nursing-respectful-clinical-inquiry-stepdown-transition-longtail	3572	56	153	yes	12	Respectful clinical inquiry for New Graduate Nurses in stepdown: Transition-to-Practice Long-Tail Review
new-grad-nursing-respectful-clinical-inquiry-telemetry-transition-longtail	3566	56	153	yes	12	Respectful clinical inquiry for New Graduate Nurses in telemetry: Transition-to-Practice Long-Tail Review
new-grad-nursing-respectful-clinical-inquiry-emergency-department-transition-longtail	3565	56	153	yes	12	Respectful clinical inquiry for New Graduate Nurses in emergency department: Transition-to-Practice Long-Tail Review
new-grad-nursing-respectful-clinical-inquiry-intensive-care-transition-longtail	3547	56	153	yes	12	Respectful clinical inquiry for New Graduate Nurses in intensive care: Transition-to-Practice Long-Tail Review
new-grad-nursing-respectful-clinical-inquiry-postpartum-transition-longtail	3633	56	153	yes	12	Respectful clinical inquiry for New Graduate Nurses in postpartum: Transition-to-Practice Long-Tail Review
new-grad-nursing-respectful-clinical-inquiry-pediatrics-transition-longtail	3581	56	153	yes	12	Respectful clinical inquiry for New Graduate Nurses in pediatrics: Transition-to-Practice Long-Tail Review
new-grad-nursing-respectful-clinical-inquiry-oncology-transition-longtail	3572	56	153	yes	12	Respectful clinical inquiry for New Graduate Nurses in oncology: Transition-to-Practice Long-Tail Review
new-grad-nursing-respectful-clinical-inquiry-orthopedics-transition-longtail	3541	56	153	yes	12	Respectful clinical inquiry for New Graduate Nurses in orthopedics: Transition-to-Practice Long-Tail Review
new-grad-nursing-respectful-clinical-inquiry-neurology-and-stroke-care-transition-longtail	3626	56	153	yes	12	Respectful clinical inquiry for New Graduate Nurses in neurology and stroke care: Transition-to-Practice Long-Tail Review
new-grad-nursing-respectful-clinical-inquiry-gastroenterology-transition-longtail	3546	56	153	yes	12	Respectful clinical inquiry for New Graduate Nurses in gastroenterology: Transition-to-Practice Long-Tail Review
new-grad-nursing-respectful-clinical-inquiry-renal-and-nephrology-transition-longtail	3566	56	153	yes	12	Respectful clinical inquiry for New Graduate Nurses in renal and nephrology: Transition-to-Practice Long-Tail Review
new-grad-nursing-respectful-clinical-inquiry-cardiac-care-transition-longtail	3568	56	153	yes	12	Respectful clinical inquiry for New Graduate Nurses in cardiac care: Transition-to-Practice Long-Tail Review
new-grad-nursing-respectful-clinical-inquiry-pulmonary-care-transition-longtail	3589	56	153	yes	12	Respectful clinical inquiry for New Graduate Nurses in pulmonary care: Transition-to-Practice Long-Tail Review
new-grad-nursing-respectful-clinical-inquiry-community-health-transition-longtail	3613	56	153	yes	12	Respectful clinical inquiry for New Graduate Nurses in community health: Transition-to-Practice Long-Tail Review
new-grad-nursing-respectful-clinical-inquiry-home-health-transition-longtail	3589	56	153	yes	12	Respectful clinical inquiry for New Graduate Nurses in home health: Transition-to-Practice Long-Tail Review
new-grad-nursing-respectful-clinical-inquiry-inpatient-rehabilitation-transition-longtail	3547	56	153	yes	12	Respectful clinical inquiry for New Graduate Nurses in inpatient rehabilitation: Transition-to-Practice Long-Tail Review
new-grad-nursing-respectful-clinical-inquiry-psychiatric-inpatient-transition-longtail	3559	56	153	yes	12	Respectful clinical inquiry for New Graduate Nurses in psychiatric inpatient: Transition-to-Practice Long-Tail Review
new-grad-nursing-respectful-clinical-inquiry-perioperative-transition-longtail	3503	56	153	yes	12	Respectful clinical inquiry for New Graduate Nurses in perioperative: Transition-to-Practice Long-Tail Review
new-grad-nursing-respectful-clinical-inquiry-dialysis-transition-longtail	3587	56	153	yes	12	Respectful clinical inquiry for New Graduate Nurses in dialysis: Transition-to-Practice Long-Tail Review
new-grad-nursing-moral-distress-and-ethical-pause-medical-surgical-transition-longtail	3552	52	153	yes	12	Moral distress and ethical pause for New Graduate Nurses in medical-surgical: Transition-to-Practice Long-Tail Review
new-grad-nursing-moral-distress-and-ethical-pause-stepdown-transition-longtail	3560	52	153	yes	12	Moral distress and ethical pause for New Graduate Nurses in stepdown: Transition-to-Practice Long-Tail Review
new-grad-nursing-moral-distress-and-ethical-pause-telemetry-transition-longtail	3538	52	153	yes	12	Moral distress and ethical pause for New Graduate Nurses in telemetry: Transition-to-Practice Long-Tail Review
new-grad-nursing-moral-distress-and-ethical-pause-emergency-department-transition-longtail	3580	52	153	yes	12	Moral distress and ethical pause for New Graduate Nurses in emergency department: Transition-to-Practice Long-Tail Review
new-grad-nursing-moral-distress-and-ethical-pause-intensive-care-transition-longtail	3581	52	153	yes	12	Moral distress and ethical pause for New Graduate Nurses in intensive care: Transition-to-Practice Long-Tail Review
new-grad-nursing-moral-distress-and-ethical-pause-postpartum-transition-longtail	3533	52	153	yes	12	Moral distress and ethical pause for New Graduate Nurses in postpartum: Transition-to-Practice Long-Tail Review
new-grad-nursing-moral-distress-and-ethical-pause-pediatrics-transition-longtail	3527	52	153	yes	12	Moral distress and ethical pause for New Graduate Nurses in pediatrics: Transition-to-Practice Long-Tail Review
new-grad-nursing-moral-distress-and-ethical-pause-oncology-transition-longtail	3518	52	153	yes	12	Moral distress and ethical pause for New Graduate Nurses in oncology: Transition-to-Practice Long-Tail Review
new-grad-nursing-moral-distress-and-ethical-pause-orthopedics-transition-longtail	3585	52	153	yes	12	Moral distress and ethical pause for New Graduate Nurses in orthopedics: Transition-to-Practice Long-Tail Review
new-grad-nursing-moral-distress-and-ethical-pause-neurology-and-stroke-care-transition-longtail	3658	52	153	yes	12	Moral distress and ethical pause for New Graduate Nurses in neurology and stroke care: Transition-to-Practice Long-Tail Review
new-grad-nursing-moral-distress-and-ethical-pause-gastroenterology-transition-longtail	3558	52	153	yes	12	Moral distress and ethical pause for New Graduate Nurses in gastroenterology: Transition-to-Practice Long-Tail Review
new-grad-nursing-moral-distress-and-ethical-pause-renal-and-nephrology-transition-longtail	3584	52	153	yes	12	Moral distress and ethical pause for New Graduate Nurses in renal and nephrology: Transition-to-Practice Long-Tail Review
new-grad-nursing-moral-distress-and-ethical-pause-cardiac-care-transition-longtail	3577	52	153	yes	12	Moral distress and ethical pause for New Graduate Nurses in cardiac care: Transition-to-Practice Long-Tail Review
new-grad-nursing-moral-distress-and-ethical-pause-pulmonary-care-transition-longtail	3581	52	153	yes	12	Moral distress and ethical pause for New Graduate Nurses in pulmonary care: Transition-to-Practice Long-Tail Review
new-grad-nursing-moral-distress-and-ethical-pause-community-health-transition-longtail	3588	52	153	yes	12	Moral distress and ethical pause for New Graduate Nurses in community health: Transition-to-Practice Long-Tail Review
new-grad-nursing-moral-distress-and-ethical-pause-home-health-transition-longtail	3557	52	153	yes	12	Moral distress and ethical pause for New Graduate Nurses in home health: Transition-to-Practice Long-Tail Review
new-grad-nursing-moral-distress-and-ethical-pause-inpatient-rehabilitation-transition-longtail	3524	52	153	yes	12	Moral distress and ethical pause for New Graduate Nurses in inpatient rehabilitation: Transition-to-Practice Long-Tail Review
new-grad-nursing-moral-distress-and-ethical-pause-psychiatric-inpatient-transition-longtail	3610	52	153	yes	12	Moral distress and ethical pause for New Graduate Nurses in psychiatric inpatient: Transition-to-Practice Long-Tail Review
new-grad-nursing-moral-distress-and-ethical-pause-perioperative-transition-longtail	3523	52	153	yes	12	Moral distress and ethical pause for New Graduate Nurses in perioperative: Transition-to-Practice Long-Tail Review
new-grad-nursing-moral-distress-and-ethical-pause-dialysis-transition-longtail	3529	52	153	yes	12	Moral distress and ethical pause for New Graduate Nurses in dialysis: Transition-to-Practice Long-Tail Review
new-grad-nursing-residency-documentation-habits-medical-surgical-transition-longtail	3535	50	153	yes	12	Residency documentation habits for New Graduate Nurses in medical-surgical: Transition-to-Practice Long-Tail Review
new-grad-nursing-residency-documentation-habits-stepdown-transition-longtail	3519	50	153	yes	12	Residency documentation habits for New Graduate Nurses in stepdown: Transition-to-Practice Long-Tail Review
new-grad-nursing-residency-documentation-habits-telemetry-transition-longtail	3578	50	153	yes	12	Residency documentation habits for New Graduate Nurses in telemetry: Transition-to-Practice Long-Tail Review
new-grad-nursing-residency-documentation-habits-emergency-department-transition-longtail	3515	50	153	yes	12	Residency documentation habits for New Graduate Nurses in emergency department: Transition-to-Practice Long-Tail Review
new-grad-nursing-residency-documentation-habits-intensive-care-transition-longtail	3596	50	153	yes	12	Residency documentation habits for New Graduate Nurses in intensive care: Transition-to-Practice Long-Tail Review
new-grad-nursing-residency-documentation-habits-postpartum-transition-longtail	3516	50	153	yes	12	Residency documentation habits for New Graduate Nurses in postpartum: Transition-to-Practice Long-Tail Review
new-grad-nursing-residency-documentation-habits-pediatrics-transition-longtail	3560	50	153	yes	12	Residency documentation habits for New Graduate Nurses in pediatrics: Transition-to-Practice Long-Tail Review
new-grad-nursing-residency-documentation-habits-oncology-transition-longtail	3556	50	153	yes	12	Residency documentation habits for New Graduate Nurses in oncology: Transition-to-Practice Long-Tail Review
new-grad-nursing-residency-documentation-habits-orthopedics-transition-longtail	3574	50	153	yes	12	Residency documentation habits for New Graduate Nurses in orthopedics: Transition-to-Practice Long-Tail Review
new-grad-nursing-residency-documentation-habits-neurology-and-stroke-care-transition-longtail	3568	50	153	yes	12	Residency documentation habits for New Graduate Nurses in neurology and stroke care: Transition-to-Practice Long-Tail Review
new-grad-nursing-residency-documentation-habits-gastroenterology-transition-longtail	3515	50	153	yes	12	Residency documentation habits for New Graduate Nurses in gastroenterology: Transition-to-Practice Long-Tail Review
new-grad-nursing-residency-documentation-habits-renal-and-nephrology-transition-longtail	3626	50	153	yes	12	Residency documentation habits for New Graduate Nurses in renal and nephrology: Transition-to-Practice Long-Tail Review
new-grad-nursing-residency-documentation-habits-cardiac-care-transition-longtail	3532	50	153	yes	12	Residency documentation habits for New Graduate Nurses in cardiac care: Transition-to-Practice Long-Tail Review
new-grad-nursing-residency-documentation-habits-pulmonary-care-transition-longtail	3547	50	153	yes	12	Residency documentation habits for New Graduate Nurses in pulmonary care: Transition-to-Practice Long-Tail Review
new-grad-nursing-residency-documentation-habits-community-health-transition-longtail	3582	50	153	yes	12	Residency documentation habits for New Graduate Nurses in community health: Transition-to-Practice Long-Tail Review
new-grad-nursing-residency-documentation-habits-home-health-transition-longtail	3559	50	153	yes	12	Residency documentation habits for New Graduate Nurses in home health: Transition-to-Practice Long-Tail Review
new-grad-nursing-residency-documentation-habits-inpatient-rehabilitation-transition-longtail	3542	50	153	yes	12	Residency documentation habits for New Graduate Nurses in inpatient rehabilitation: Transition-to-Practice Long-Tail Review
new-grad-nursing-residency-documentation-habits-psychiatric-inpatient-transition-longtail	3584	50	153	yes	12	Residency documentation habits for New Graduate Nurses in psychiatric inpatient: Transition-to-Practice Long-Tail Review
new-grad-nursing-residency-documentation-habits-perioperative-transition-longtail	3570	50	153	yes	12	Residency documentation habits for New Graduate Nurses in perioperative: Transition-to-Practice Long-Tail Review
new-grad-nursing-residency-documentation-habits-dialysis-transition-longtail	3548	50	153	yes	12	Residency documentation habits for New Graduate Nurses in dialysis: Transition-to-Practice Long-Tail Review
new-grad-nursing-near-miss-learning-loops-medical-surgical-transition-longtail	3584	53	153	yes	12	Near-miss learning loops for New Graduate Nurses in medical-surgical: Transition-to-Practice Long-Tail Review
new-grad-nursing-near-miss-learning-loops-stepdown-transition-longtail	3558	53	153	yes	12	Near-miss learning loops for New Graduate Nurses in stepdown: Transition-to-Practice Long-Tail Review
new-grad-nursing-near-miss-learning-loops-telemetry-transition-longtail	3567	53	153	yes	12	Near-miss learning loops for New Graduate Nurses in telemetry: Transition-to-Practice Long-Tail Review
new-grad-nursing-near-miss-learning-loops-emergency-department-transition-longtail	3559	53	153	yes	12	Near-miss learning loops for New Graduate Nurses in emergency department: Transition-to-Practice Long-Tail Review
new-grad-nursing-near-miss-learning-loops-intensive-care-transition-longtail	3596	53	153	yes	12	Near-miss learning loops for New Graduate Nurses in intensive care: Transition-to-Practice Long-Tail Review
new-grad-nursing-near-miss-learning-loops-postpartum-transition-longtail	3609	53	153	yes	12	Near-miss learning loops for New Graduate Nurses in postpartum: Transition-to-Practice Long-Tail Review
new-grad-nursing-near-miss-learning-loops-pediatrics-transition-longtail	3531	53	153	yes	12	Near-miss learning loops for New Graduate Nurses in pediatrics: Transition-to-Practice Long-Tail Review
new-grad-nursing-near-miss-learning-loops-oncology-transition-longtail	3562	53	153	yes	12	Near-miss learning loops for New Graduate Nurses in oncology: Transition-to-Practice Long-Tail Review
new-grad-nursing-near-miss-learning-loops-orthopedics-transition-longtail	3502	53	153	yes	12	Near-miss learning loops for New Graduate Nurses in orthopedics: Transition-to-Practice Long-Tail Review
new-grad-nursing-near-miss-learning-loops-neurology-and-stroke-care-transition-longtail	3617	53	153	yes	12	Near-miss learning loops for New Graduate Nurses in neurology and stroke care: Transition-to-Practice Long-Tail Review
new-grad-nursing-near-miss-learning-loops-gastroenterology-transition-longtail	3539	53	153	yes	12	Near-miss learning loops for New Graduate Nurses in gastroenterology: Transition-to-Practice Long-Tail Review
new-grad-nursing-near-miss-learning-loops-renal-and-nephrology-transition-longtail	3546	53	153	yes	12	Near-miss learning loops for New Graduate Nurses in renal and nephrology: Transition-to-Practice Long-Tail Review
new-grad-nursing-near-miss-learning-loops-cardiac-care-transition-longtail	3553	53	153	yes	12	Near-miss learning loops for New Graduate Nurses in cardiac care: Transition-to-Practice Long-Tail Review
new-grad-nursing-near-miss-learning-loops-pulmonary-care-transition-longtail	3562	53	153	yes	12	Near-miss learning loops for New Graduate Nurses in pulmonary care: Transition-to-Practice Long-Tail Review
new-grad-nursing-near-miss-learning-loops-community-health-transition-longtail	3537	53	153	yes	12	Near-miss learning loops for New Graduate Nurses in community health: Transition-to-Practice Long-Tail Review
new-grad-nursing-near-miss-learning-loops-home-health-transition-longtail	3518	53	153	yes	12	Near-miss learning loops for New Graduate Nurses in home health: Transition-to-Practice Long-Tail Review
new-grad-nursing-near-miss-learning-loops-inpatient-rehabilitation-transition-longtail	3577	53	153	yes	12	Near-miss learning loops for New Graduate Nurses in inpatient rehabilitation: Transition-to-Practice Long-Tail Review
new-grad-nursing-near-miss-learning-loops-psychiatric-inpatient-transition-longtail	3544	53	153	yes	12	Near-miss learning loops for New Graduate Nurses in psychiatric inpatient: Transition-to-Practice Long-Tail Review
new-grad-nursing-near-miss-learning-loops-perioperative-transition-longtail	3588	53	153	yes	12	Near-miss learning loops for New Graduate Nurses in perioperative: Transition-to-Practice Long-Tail Review
new-grad-nursing-near-miss-learning-loops-dialysis-transition-longtail	3505	53	153	yes	12	Near-miss learning loops for New Graduate Nurses in dialysis: Transition-to-Practice Long-Tail Review
new-grad-nursing-sleep-and-boundary-planning-medical-surgical-transition-longtail	3591	56	153	yes	12	Sleep and boundary planning for New Graduate Nurses in medical-surgical: Transition-to-Practice Long-Tail Review
new-grad-nursing-sleep-and-boundary-planning-stepdown-transition-longtail	3520	56	153	yes	12	Sleep and boundary planning for New Graduate Nurses in stepdown: Transition-to-Practice Long-Tail Review
new-grad-nursing-sleep-and-boundary-planning-telemetry-transition-longtail	3637	56	153	yes	12	Sleep and boundary planning for New Graduate Nurses in telemetry: Transition-to-Practice Long-Tail Review
new-grad-nursing-sleep-and-boundary-planning-emergency-department-transition-longtail	3549	56	153	yes	12	Sleep and boundary planning for New Graduate Nurses in emergency department: Transition-to-Practice Long-Tail Review
new-grad-nursing-sleep-and-boundary-planning-intensive-care-transition-longtail	3558	56	153	yes	12	Sleep and boundary planning for New Graduate Nurses in intensive care: Transition-to-Practice Long-Tail Review
new-grad-nursing-sleep-and-boundary-planning-postpartum-transition-longtail	3569	56	153	yes	12	Sleep and boundary planning for New Graduate Nurses in postpartum: Transition-to-Practice Long-Tail Review
new-grad-nursing-sleep-and-boundary-planning-pediatrics-transition-longtail	3563	56	153	yes	12	Sleep and boundary planning for New Graduate Nurses in pediatrics: Transition-to-Practice Long-Tail Review
new-grad-nursing-sleep-and-boundary-planning-oncology-transition-longtail	3590	56	153	yes	12	Sleep and boundary planning for New Graduate Nurses in oncology: Transition-to-Practice Long-Tail Review
new-grad-nursing-sleep-and-boundary-planning-orthopedics-transition-longtail	3646	56	153	yes	12	Sleep and boundary planning for New Graduate Nurses in orthopedics: Transition-to-Practice Long-Tail Review
new-grad-nursing-sleep-and-boundary-planning-neurology-and-stroke-care-transition-longtail	3670	56	153	yes	12	Sleep and boundary planning for New Graduate Nurses in neurology and stroke care: Transition-to-Practice Long-Tail Review
new-grad-nursing-sleep-and-boundary-planning-gastroenterology-transition-longtail	3501	56	153	yes	12	Sleep and boundary planning for New Graduate Nurses in gastroenterology: Transition-to-Practice Long-Tail Review
new-grad-nursing-sleep-and-boundary-planning-renal-and-nephrology-transition-longtail	3599	56	153	yes	12	Sleep and boundary planning for New Graduate Nurses in renal and nephrology: Transition-to-Practice Long-Tail Review
new-grad-nursing-sleep-and-boundary-planning-cardiac-care-transition-longtail	3595	56	153	yes	12	Sleep and boundary planning for New Graduate Nurses in cardiac care: Transition-to-Practice Long-Tail Review
new-grad-nursing-sleep-and-boundary-planning-pulmonary-care-transition-longtail	3659	56	153	yes	12	Sleep and boundary planning for New Graduate Nurses in pulmonary care: Transition-to-Practice Long-Tail Review
new-grad-nursing-sleep-and-boundary-planning-community-health-transition-longtail	3589	56	153	yes	12	Sleep and boundary planning for New Graduate Nurses in community health: Transition-to-Practice Long-Tail Review
new-grad-nursing-sleep-and-boundary-planning-home-health-transition-longtail	3565	56	153	yes	12	Sleep and boundary planning for New Graduate Nurses in home health: Transition-to-Practice Long-Tail Review
new-grad-nursing-sleep-and-boundary-planning-inpatient-rehabilitation-transition-longtail	3556	56	153	yes	12	Sleep and boundary planning for New Graduate Nurses in inpatient rehabilitation: Transition-to-Practice Long-Tail Review
new-grad-nursing-sleep-and-boundary-planning-psychiatric-inpatient-transition-longtail	3616	56	153	yes	12	Sleep and boundary planning for New Graduate Nurses in psychiatric inpatient: Transition-to-Practice Long-Tail Review
new-grad-nursing-sleep-and-boundary-planning-perioperative-transition-longtail	3609	56	153	yes	12	Sleep and boundary planning for New Graduate Nurses in perioperative: Transition-to-Practice Long-Tail Review
new-grad-nursing-sleep-and-boundary-planning-dialysis-transition-longtail	3541	56	153	yes	12	Sleep and boundary planning for New Graduate Nurses in dialysis: Transition-to-Practice Long-Tail Review
new-grad-nursing-preceptor-feedback-cycles-medical-surgical-transition-longtail	3580	54	153	yes	12	Preceptor feedback cycles for New Graduate Nurses in medical-surgical: Transition-to-Practice Long-Tail Review
new-grad-nursing-preceptor-feedback-cycles-stepdown-transition-longtail	3502	54	153	yes	12	Preceptor feedback cycles for New Graduate Nurses in stepdown: Transition-to-Practice Long-Tail Review
new-grad-nursing-preceptor-feedback-cycles-telemetry-transition-longtail	3580	54	153	yes	12	Preceptor feedback cycles for New Graduate Nurses in telemetry: Transition-to-Practice Long-Tail Review
new-grad-nursing-preceptor-feedback-cycles-emergency-department-transition-longtail	3605	54	153	yes	12	Preceptor feedback cycles for New Graduate Nurses in emergency department: Transition-to-Practice Long-Tail Review
new-grad-nursing-preceptor-feedback-cycles-intensive-care-transition-longtail	3599	54	153	yes	12	Preceptor feedback cycles for New Graduate Nurses in intensive care: Transition-to-Practice Long-Tail Review
new-grad-nursing-preceptor-feedback-cycles-postpartum-transition-longtail	3507	54	153	yes	12	Preceptor feedback cycles for New Graduate Nurses in postpartum: Transition-to-Practice Long-Tail Review
new-grad-nursing-preceptor-feedback-cycles-pediatrics-transition-longtail	3609	54	153	yes	12	Preceptor feedback cycles for New Graduate Nurses in pediatrics: Transition-to-Practice Long-Tail Review
new-grad-nursing-preceptor-feedback-cycles-oncology-transition-longtail	3561	54	153	yes	12	Preceptor feedback cycles for New Graduate Nurses in oncology: Transition-to-Practice Long-Tail Review
new-grad-nursing-preceptor-feedback-cycles-orthopedics-transition-longtail	3552	54	153	yes	12	Preceptor feedback cycles for New Graduate Nurses in orthopedics: Transition-to-Practice Long-Tail Review
new-grad-nursing-preceptor-feedback-cycles-neurology-and-stroke-care-transition-longtail	3570	54	153	yes	12	Preceptor feedback cycles for New Graduate Nurses in neurology and stroke care: Transition-to-Practice Long-Tail Review
new-grad-nursing-preceptor-feedback-cycles-gastroenterology-transition-longtail	3527	54	153	yes	12	Preceptor feedback cycles for New Graduate Nurses in gastroenterology: Transition-to-Practice Long-Tail Review
new-grad-nursing-preceptor-feedback-cycles-renal-and-nephrology-transition-longtail	3554	54	153	yes	12	Preceptor feedback cycles for New Graduate Nurses in renal and nephrology: Transition-to-Practice Long-Tail Review
new-grad-nursing-preceptor-feedback-cycles-cardiac-care-transition-longtail	3536	54	153	yes	12	Preceptor feedback cycles for New Graduate Nurses in cardiac care: Transition-to-Practice Long-Tail Review
new-grad-nursing-preceptor-feedback-cycles-pulmonary-care-transition-longtail	3549	54	153	yes	12	Preceptor feedback cycles for New Graduate Nurses in pulmonary care: Transition-to-Practice Long-Tail Review
new-grad-nursing-preceptor-feedback-cycles-community-health-transition-longtail	3609	54	153	yes	12	Preceptor feedback cycles for New Graduate Nurses in community health: Transition-to-Practice Long-Tail Review
new-grad-nursing-preceptor-feedback-cycles-home-health-transition-longtail	3542	54	153	yes	12	Preceptor feedback cycles for New Graduate Nurses in home health: Transition-to-Practice Long-Tail Review
new-grad-nursing-preceptor-feedback-cycles-inpatient-rehabilitation-transition-longtail	3569	54	153	yes	12	Preceptor feedback cycles for New Graduate Nurses in inpatient rehabilitation: Transition-to-Practice Long-Tail Review
new-grad-nursing-preceptor-feedback-cycles-psychiatric-inpatient-transition-longtail	3536	54	153	yes	12	Preceptor feedback cycles for New Graduate Nurses in psychiatric inpatient: Transition-to-Practice Long-Tail Review
new-grad-nursing-preceptor-feedback-cycles-perioperative-transition-longtail	3544	54	153	yes	12	Preceptor feedback cycles for New Graduate Nurses in perioperative: Transition-to-Practice Long-Tail Review
new-grad-nursing-preceptor-feedback-cycles-dialysis-transition-longtail	3519	54	153	yes	12	Preceptor feedback cycles for New Graduate Nurses in dialysis: Transition-to-Practice Long-Tail Review
new-grad-nursing-ngn-style-clinical-judgment-habits-medical-surgical-transition-longtail	3537	54	153	yes	12	NGN-style clinical judgment habits for New Graduate Nurses in medical-surgical: Transition-to-Practice Long-Tail Review
new-grad-nursing-ngn-style-clinical-judgment-habits-stepdown-transition-longtail	3541	54	153	yes	12	NGN-style clinical judgment habits for New Graduate Nurses in stepdown: Transition-to-Practice Long-Tail Review
new-grad-nursing-ngn-style-clinical-judgment-habits-telemetry-transition-longtail	3542	54	153	yes	12	NGN-style clinical judgment habits for New Graduate Nurses in telemetry: Transition-to-Practice Long-Tail Review
new-grad-nursing-ngn-style-clinical-judgment-habits-emergency-department-transition-longtail	3571	54	153	yes	12	NGN-style clinical judgment habits for New Graduate Nurses in emergency department: Transition-to-Practice Long-Tail Review
new-grad-nursing-ngn-style-clinical-judgment-habits-intensive-care-transition-longtail	3561	54	153	yes	12	NGN-style clinical judgment habits for New Graduate Nurses in intensive care: Transition-to-Practice Long-Tail Review
new-grad-nursing-ngn-style-clinical-judgment-habits-postpartum-transition-longtail	3640	54	153	yes	12	NGN-style clinical judgment habits for New Graduate Nurses in postpartum: Transition-to-Practice Long-Tail Review
new-grad-nursing-ngn-style-clinical-judgment-habits-pediatrics-transition-longtail	3604	54	153	yes	12	NGN-style clinical judgment habits for New Graduate Nurses in pediatrics: Transition-to-Practice Long-Tail Review
new-grad-nursing-ngn-style-clinical-judgment-habits-oncology-transition-longtail	3616	54	153	yes	12	NGN-style clinical judgment habits for New Graduate Nurses in oncology: Transition-to-Practice Long-Tail Review
new-grad-nursing-ngn-style-clinical-judgment-habits-orthopedics-transition-longtail	3594	54	153	yes	12	NGN-style clinical judgment habits for New Graduate Nurses in orthopedics: Transition-to-Practice Long-Tail Review
new-grad-nursing-ngn-style-clinical-judgment-habits-neurology-and-stroke-care-transition-longtail	3582	54	153	yes	12	NGN-style clinical judgment habits for New Graduate Nurses in neurology and stroke care: Transition-to-Practice Long-Tail Review
new-grad-nursing-ngn-style-clinical-judgment-habits-gastroenterology-transition-longtail	3565	54	153	yes	12	NGN-style clinical judgment habits for New Graduate Nurses in gastroenterology: Transition-to-Practice Long-Tail Review
new-grad-nursing-ngn-style-clinical-judgment-habits-renal-and-nephrology-transition-longtail	3548	54	153	yes	12	NGN-style clinical judgment habits for New Graduate Nurses in renal and nephrology: Transition-to-Practice Long-Tail Review
new-grad-nursing-ngn-style-clinical-judgment-habits-cardiac-care-transition-longtail	3600	54	153	yes	12	NGN-style clinical judgment habits for New Graduate Nurses in cardiac care: Transition-to-Practice Long-Tail Review
new-grad-nursing-ngn-style-clinical-judgment-habits-pulmonary-care-transition-longtail	3550	54	153	yes	12	NGN-style clinical judgment habits for New Graduate Nurses in pulmonary care: Transition-to-Practice Long-Tail Review
new-grad-nursing-ngn-style-clinical-judgment-habits-community-health-transition-longtail	3564	54	153	yes	12	NGN-style clinical judgment habits for New Graduate Nurses in community health: Transition-to-Practice Long-Tail Review
new-grad-nursing-ngn-style-clinical-judgment-habits-home-health-transition-longtail	3637	54	153	yes	12	NGN-style clinical judgment habits for New Graduate Nurses in home health: Transition-to-Practice Long-Tail Review
new-grad-nursing-ngn-style-clinical-judgment-habits-inpatient-rehabilitation-transition-longtail	3618	54	153	yes	12	NGN-style clinical judgment habits for New Graduate Nurses in inpatient rehabilitation: Transition-to-Practice Long-Tail Review
new-grad-nursing-ngn-style-clinical-judgment-habits-psychiatric-inpatient-transition-longtail	3617	54	153	yes	12	NGN-style clinical judgment habits for New Graduate Nurses in psychiatric inpatient: Transition-to-Practice Long-Tail Review
new-grad-nursing-ngn-style-clinical-judgment-habits-perioperative-transition-longtail	3527	54	153	yes	12	NGN-style clinical judgment habits for New Graduate Nurses in perioperative: Transition-to-Practice Long-Tail Review
new-grad-nursing-ngn-style-clinical-judgment-habits-dialysis-transition-longtail	3560	54	153	yes	12	NGN-style clinical judgment habits for New Graduate Nurses in dialysis: Transition-to-Practice Long-Tail Review
new-grad-nursing-handoff-risk-reduction-medical-surgical-transition-longtail	3515	51	153	yes	12	Handoff risk reduction for New Graduate Nurses in medical-surgical: Transition-to-Practice Long-Tail Review
new-grad-nursing-handoff-risk-reduction-stepdown-transition-longtail	3564	51	153	yes	12	Handoff risk reduction for New Graduate Nurses in stepdown: Transition-to-Practice Long-Tail Review
new-grad-nursing-handoff-risk-reduction-telemetry-transition-longtail	3509	51	153	yes	12	Handoff risk reduction for New Graduate Nurses in telemetry: Transition-to-Practice Long-Tail Review
new-grad-nursing-handoff-risk-reduction-emergency-department-transition-longtail	3638	51	153	yes	12	Handoff risk reduction for New Graduate Nurses in emergency department: Transition-to-Practice Long-Tail Review
new-grad-nursing-handoff-risk-reduction-intensive-care-transition-longtail	3556	51	153	yes	12	Handoff risk reduction for New Graduate Nurses in intensive care: Transition-to-Practice Long-Tail Review
new-grad-nursing-handoff-risk-reduction-postpartum-transition-longtail	3555	51	153	yes	12	Handoff risk reduction for New Graduate Nurses in postpartum: Transition-to-Practice Long-Tail Review
new-grad-nursing-handoff-risk-reduction-pediatrics-transition-longtail	3557	51	153	yes	12	Handoff risk reduction for New Graduate Nurses in pediatrics: Transition-to-Practice Long-Tail Review
new-grad-nursing-handoff-risk-reduction-oncology-transition-longtail	3591	51	153	yes	12	Handoff risk reduction for New Graduate Nurses in oncology: Transition-to-Practice Long-Tail Review
new-grad-nursing-handoff-risk-reduction-orthopedics-transition-longtail	3655	51	153	yes	12	Handoff risk reduction for New Graduate Nurses in orthopedics: Transition-to-Practice Long-Tail Review
new-grad-nursing-handoff-risk-reduction-neurology-and-stroke-care-transition-longtail	3530	51	153	yes	12	Handoff risk reduction for New Graduate Nurses in neurology and stroke care: Transition-to-Practice Long-Tail Review
new-grad-nursing-handoff-risk-reduction-gastroenterology-transition-longtail	3545	51	153	yes	12	Handoff risk reduction for New Graduate Nurses in gastroenterology: Transition-to-Practice Long-Tail Review
new-grad-nursing-handoff-risk-reduction-renal-and-nephrology-transition-longtail	3545	51	153	yes	12	Handoff risk reduction for New Graduate Nurses in renal and nephrology: Transition-to-Practice Long-Tail Review
new-grad-nursing-handoff-risk-reduction-cardiac-care-transition-longtail	3567	51	153	yes	12	Handoff risk reduction for New Graduate Nurses in cardiac care: Transition-to-Practice Long-Tail Review
new-grad-nursing-handoff-risk-reduction-pulmonary-care-transition-longtail	3581	51	153	yes	12	Handoff risk reduction for New Graduate Nurses in pulmonary care: Transition-to-Practice Long-Tail Review
new-grad-nursing-handoff-risk-reduction-community-health-transition-longtail	3598	51	153	yes	12	Handoff risk reduction for New Graduate Nurses in community health: Transition-to-Practice Long-Tail Review
new-grad-nursing-handoff-risk-reduction-home-health-transition-longtail	3567	51	153	yes	12	Handoff risk reduction for New Graduate Nurses in home health: Transition-to-Practice Long-Tail Review
new-grad-nursing-handoff-risk-reduction-inpatient-rehabilitation-transition-longtail	3544	51	153	yes	12	Handoff risk reduction for New Graduate Nurses in inpatient rehabilitation: Transition-to-Practice Long-Tail Review
new-grad-nursing-handoff-risk-reduction-psychiatric-inpatient-transition-longtail	3501	51	153	yes	12	Handoff risk reduction for New Graduate Nurses in psychiatric inpatient: Transition-to-Practice Long-Tail Review
new-grad-nursing-handoff-risk-reduction-perioperative-transition-longtail	3639	51	153	yes	12	Handoff risk reduction for New Graduate Nurses in perioperative: Transition-to-Practice Long-Tail Review
new-grad-nursing-handoff-risk-reduction-dialysis-transition-longtail	3556	51	153	yes	12	Handoff risk reduction for New Graduate Nurses in dialysis: Transition-to-Practice Long-Tail Review
new-grad-nursing-interdisciplinary-huddle-participation-medical-surgical-transition-longtail	3468	54	153	yes	12	Interdisciplinary huddle participation for New Graduate Nurses in medical-surgical: Transition-to-Practice Long-Tail Review
new-grad-nursing-interdisciplinary-huddle-participation-stepdown-transition-longtail	3458	54	153	yes	12	Interdisciplinary huddle participation for New Graduate Nurses in stepdown: Transition-to-Practice Long-Tail Review
new-grad-nursing-interdisciplinary-huddle-participation-telemetry-transition-longtail	3551	54	153	yes	12	Interdisciplinary huddle participation for New Graduate Nurses in telemetry: Transition-to-Practice Long-Tail Review
new-grad-nursing-interdisciplinary-huddle-participation-emergency-department-transition-longtail	3487	54	153	yes	12	Interdisciplinary huddle participation for New Graduate Nurses in emergency department: Transition-to-Practice Long-Tail Review
new-grad-nursing-interdisciplinary-huddle-participation-intensive-care-transition-longtail	3471	54	153	yes	12	Interdisciplinary huddle participation for New Graduate Nurses in intensive care: Transition-to-Practice Long-Tail Review
new-grad-nursing-interdisciplinary-huddle-participation-postpartum-transition-longtail	3585	54	153	yes	12	Interdisciplinary huddle participation for New Graduate Nurses in postpartum: Transition-to-Practice Long-Tail Review
new-grad-nursing-interdisciplinary-huddle-participation-pediatrics-transition-longtail	3520	54	153	yes	12	Interdisciplinary huddle participation for New Graduate Nurses in pediatrics: Transition-to-Practice Long-Tail Review
new-grad-nursing-interdisciplinary-huddle-participation-oncology-transition-longtail	3506	54	153	yes	12	Interdisciplinary huddle participation for New Graduate Nurses in oncology: Transition-to-Practice Long-Tail Review
new-grad-nursing-interdisciplinary-huddle-participation-orthopedics-transition-longtail	3548	54	153	yes	12	Interdisciplinary huddle participation for New Graduate Nurses in orthopedics: Transition-to-Practice Long-Tail Review
new-grad-nursing-interdisciplinary-huddle-participation-neurology-and-stroke-care-transition-longtail	3470	54	153	yes	12	Interdisciplinary huddle participation for New Graduate Nurses in neurology and stroke care: Transition-to-Practice Long-Tail Review
new-grad-nursing-interdisciplinary-huddle-participation-gastroenterology-transition-longtail	3568	54	153	yes	12	Interdisciplinary huddle participation for New Graduate Nurses in gastroenterology: Transition-to-Practice Long-Tail Review
new-grad-nursing-interdisciplinary-huddle-participation-renal-and-nephrology-transition-longtail	3508	54	153	yes	12	Interdisciplinary huddle participation for New Graduate Nurses in renal and nephrology: Transition-to-Practice Long-Tail Review
new-grad-nursing-interdisciplinary-huddle-participation-cardiac-care-transition-longtail	3482	54	153	yes	12	Interdisciplinary huddle participation for New Graduate Nurses in cardiac care: Transition-to-Practice Long-Tail Review
new-grad-nursing-interdisciplinary-huddle-participation-pulmonary-care-transition-longtail	3544	54	153	yes	12	Interdisciplinary huddle participation for New Graduate Nurses in pulmonary care: Transition-to-Practice Long-Tail Review
new-grad-nursing-interdisciplinary-huddle-participation-community-health-transition-longtail	3453	54	153	yes	12	Interdisciplinary huddle participation for New Graduate Nurses in community health: Transition-to-Practice Long-Tail Review
new-grad-nursing-interdisciplinary-huddle-participation-home-health-transition-longtail	3529	54	153	yes	12	Interdisciplinary huddle participation for New Graduate Nurses in home health: Transition-to-Practice Long-Tail Review
new-grad-nursing-interdisciplinary-huddle-participation-inpatient-rehabilitation-transition-longtail	3511	54	153	yes	12	Interdisciplinary huddle participation for New Graduate Nurses in inpatient rehabilitation: Transition-to-Practice Long-Tail Review
new-grad-nursing-interdisciplinary-huddle-participation-psychiatric-inpatient-transition-longtail	3450	54	153	yes	12	Interdisciplinary huddle participation for New Graduate Nurses in psychiatric inpatient: Transition-to-Practice Long-Tail Review
new-grad-nursing-interdisciplinary-huddle-participation-perioperative-transition-longtail	3536	54	153	yes	12	Interdisciplinary huddle participation for New Graduate Nurses in perioperative: Transition-to-Practice Long-Tail Review
new-grad-nursing-interdisciplinary-huddle-participation-dialysis-transition-longtail	3495	54	153	yes	12	Interdisciplinary huddle participation for New Graduate Nurses in dialysis: Transition-to-Practice Long-Tail Review