slug,word_count,title
"rex-pn-rpn-abuse-neglect-reporting-rpn-canada-acute-med-surg-canada",2223,"""Abuse, neglect, and reporting obligations in Canadian nursing exams: Acute med-surg priorities for practical nurses (Canadian RPN REx-PN prep)"""
"rex-pn-rpn-abuse-neglect-reporting-rpn-canada-clinical-judgment-priorities",2209,"""Abuse, neglect, and reporting obligations in Canadian nursing exams: Clinical judgment and prioritization drills (Canadian RPN REx-PN prep)"""
"rex-pn-rpn-abuse-neglect-reporting-rpn-canada-delegation-ucp-canada",2225,"""Abuse, neglect, and reporting obligations in Canadian nursing exams: Delegation and unregulated care provider collaboration (Canadian RPN REx-PN prep)"""
"rex-pn-rpn-abuse-neglect-reporting-rpn-canada-documentation-exam-focus",2215,"""Abuse, neglect, and reporting obligations in Canadian nursing exams: Documentation expectations on Canadian PN exams (Canadian RPN REx-PN prep)"""
"rex-pn-rpn-abuse-neglect-reporting-rpn-canada-home-community-nursing-canada",2223,"""Abuse, neglect, and reporting obligations in Canadian nursing exams: Home and community care realities for RPN practice (Canadian RPN REx-PN prep)"""
"rex-pn-rpn-abuse-neglect-reporting-rpn-canada-ipac-routine-practices-canada",2220,"""Abuse, neglect, and reporting obligations in Canadian nursing exams: IPAC routine practices and outbreak language (Canadian RPN REx-PN prep)"""
"rex-pn-rpn-abuse-neglect-reporting-rpn-canada-ltc-ontario-shift-realities",2232,"""Abuse, neglect, and reporting obligations in Canadian nursing exams: LTC shift realities and resident-centred pacing (Canadian RPN REx-PN prep)"""
"rex-pn-rpn-abuse-neglect-reporting-rpn-canada-medication-safety-mar-canada",2228,"""Abuse, neglect, and reporting obligations in Canadian nursing exams: Medication safety, MAR checks, and high-alert vigilance (Canadian RPN REx-PN prep)"""
"rex-pn-rpn-abuse-neglect-reporting-rpn-canada-patient-teaching-health-literacy",2219,"""Abuse, neglect, and reporting obligations in Canadian nursing exams: Patient teaching and health literacy for Canadian PN learners (Canadian RPN REx-PN prep)"""
"rex-pn-rpn-abuse-neglect-reporting-rpn-canada-rex-pn-ngn-item-thinking",2217,"""Abuse, neglect, and reporting obligations in Canadian nursing exams: REx-PN and NGN-style case thinking (Canadian RPN REx-PN prep)"""
"rex-pn-rpn-abuse-neglect-reporting-rpn-canada-sbar-escalation-canada",2215,"""Abuse, neglect, and reporting obligations in Canadian nursing exams: SBAR, escalation, and interprofessional handoff discipline (Canadian RPN REx-PN prep)"""
"rex-pn-rpn-anemia-fatigue-teaching-canada-acute-med-surg-canada",2187,"""Anemia-related fatigue, iron teaching, and functional assessment: Acute med-surg priorities for practical nurses (Canadian RPN REx-PN prep)"""
"rex-pn-rpn-anemia-fatigue-teaching-canada-clinical-judgment-priorities",2172,"""Anemia-related fatigue, iron teaching, and functional assessment: Clinical judgment and prioritization drills (Canadian RPN REx-PN prep)"""
"rex-pn-rpn-anemia-fatigue-teaching-canada-delegation-ucp-canada",2189,"""Anemia-related fatigue, iron teaching, and functional assessment: Delegation and unregulated care provider collaboration (Canadian RPN REx-PN prep)"""
"rex-pn-rpn-anemia-fatigue-teaching-canada-documentation-exam-focus",2183,"""Anemia-related fatigue, iron teaching, and functional assessment: Documentation expectations on Canadian PN exams (Canadian RPN REx-PN prep)"""
"rex-pn-rpn-anemia-fatigue-teaching-canada-home-community-nursing-canada",2187,"""Anemia-related fatigue, iron teaching, and functional assessment: Home and community care realities for RPN practice (Canadian RPN REx-PN prep)"""
"rex-pn-rpn-anemia-fatigue-teaching-canada-ipac-routine-practices-canada",2185,"""Anemia-related fatigue, iron teaching, and functional assessment: IPAC routine practices and outbreak language (Canadian RPN REx-PN prep)"""
"rex-pn-rpn-anemia-fatigue-teaching-canada-ltc-ontario-shift-realities",2193,"""Anemia-related fatigue, iron teaching, and functional assessment: LTC shift realities and resident-centred pacing (Canadian RPN REx-PN prep)"""
"rex-pn-rpn-anemia-fatigue-teaching-canada-medication-safety-mar-canada",2200,"""Anemia-related fatigue, iron teaching, and functional assessment: Medication safety, MAR checks, and high-alert vigilance (Canadian RPN REx-PN prep)"""
"rex-pn-rpn-anemia-fatigue-teaching-canada-patient-teaching-health-literacy",2191,"""Anemia-related fatigue, iron teaching, and functional assessment: Patient teaching and health literacy for Canadian PN learners (Canadian RPN REx-PN prep)"""
"rex-pn-rpn-anemia-fatigue-teaching-canada-rex-pn-ngn-item-thinking",2180,"""Anemia-related fatigue, iron teaching, and functional assessment: REx-PN and NGN-style case thinking (Canadian RPN REx-PN prep)"""
"rex-pn-rpn-anemia-fatigue-teaching-canada-sbar-escalation-canada",2180,"""Anemia-related fatigue, iron teaching, and functional assessment: SBAR, escalation, and interprofessional handoff discipline (Canadian RPN REx-PN prep)"""
"rex-pn-rpn-anticoagulant-teaching-warfarin-doac-canada-acute-med-surg-canada",2205,"""Anticoagulant teaching for warfarin and DOAC scenarios: Acute med-surg priorities for practical nurses (Canadian RPN REx-PN prep)"""
"rex-pn-rpn-anticoagulant-teaching-warfarin-doac-canada-clinical-judgment-priorities",2181,"""Anticoagulant teaching for warfarin and DOAC scenarios: Clinical judgment and prioritization drills (Canadian RPN REx-PN prep)"""
"rex-pn-rpn-anticoagulant-teaching-warfarin-doac-canada-delegation-ucp-canada",2204,"""Anticoagulant teaching for warfarin and DOAC scenarios: Delegation and unregulated care provider collaboration (Canadian RPN REx-PN prep)"""
"rex-pn-rpn-anticoagulant-teaching-warfarin-doac-canada-documentation-exam-focus",2187,"""Anticoagulant teaching for warfarin and DOAC scenarios: Documentation expectations on Canadian PN exams (Canadian RPN REx-PN prep)"""
"rex-pn-rpn-anticoagulant-teaching-warfarin-doac-canada-home-community-nursing-canada",2199,"""Anticoagulant teaching for warfarin and DOAC scenarios: Home and community care realities for RPN practice (Canadian RPN REx-PN prep)"""
"rex-pn-rpn-anticoagulant-teaching-warfarin-doac-canada-ipac-routine-practices-canada",2197,"""Anticoagulant teaching for warfarin and DOAC scenarios: IPAC routine practices and outbreak language (Canadian RPN REx-PN prep)"""
"rex-pn-rpn-anticoagulant-teaching-warfarin-doac-canada-ltc-ontario-shift-realities",2207,"""Anticoagulant teaching for warfarin and DOAC scenarios: LTC shift realities and resident-centred pacing (Canadian RPN REx-PN prep)"""
"rex-pn-rpn-anticoagulant-teaching-warfarin-doac-canada-medication-safety-mar-canada",2199,"""Anticoagulant teaching for warfarin and DOAC scenarios: Medication safety, MAR checks, and high-alert vigilance (Canadian RPN REx-PN prep)"""
"rex-pn-rpn-anticoagulant-teaching-warfarin-doac-canada-patient-teaching-health-literacy",2197,"""Anticoagulant teaching for warfarin and DOAC scenarios: Patient teaching and health literacy for Canadian PN learners (Canadian RPN REx-PN prep)"""
"rex-pn-rpn-anticoagulant-teaching-warfarin-doac-canada-rex-pn-ngn-item-thinking",2194,"""Anticoagulant teaching for warfarin and DOAC scenarios: REx-PN and NGN-style case thinking (Canadian RPN REx-PN prep)"""
"rex-pn-rpn-anticoagulant-teaching-warfarin-doac-canada-sbar-escalation-canada",2192,"""Anticoagulant teaching for warfarin and DOAC scenarios: SBAR, escalation, and interprofessional handoff discipline (Canadian RPN REx-PN prep)"""
"rex-pn-rpn-c-diff-precautions-ipac-canada-acute-med-surg-canada",2199,"""Clostridioides difficile precautions and Canadian IPAC language: Acute med-surg priorities for practical nurses (Canadian RPN REx-PN prep)"""
"rex-pn-rpn-c-diff-precautions-ipac-canada-clinical-judgment-priorities",2181,"""Clostridioides difficile precautions and Canadian IPAC language: Clinical judgment and prioritization drills (Canadian RPN REx-PN prep)"""
"rex-pn-rpn-c-diff-precautions-ipac-canada-delegation-ucp-canada",2193,"""Clostridioides difficile precautions and Canadian IPAC language: Delegation and unregulated care provider collaboration (Canadian RPN REx-PN prep)"""
"rex-pn-rpn-c-diff-precautions-ipac-canada-documentation-exam-focus",2184,"""Clostridioides difficile precautions and Canadian IPAC language: Documentation expectations on Canadian PN exams (Canadian RPN REx-PN prep)"""
"rex-pn-rpn-c-diff-precautions-ipac-canada-home-community-nursing-canada",2192,"""Clostridioides difficile precautions and Canadian IPAC language: Home and community care realities for RPN practice (Canadian RPN REx-PN prep)"""
"rex-pn-rpn-c-diff-precautions-ipac-canada-ipac-routine-practices-canada",2192,"""Clostridioides difficile precautions and Canadian IPAC language: IPAC routine practices and outbreak language (Canadian RPN REx-PN prep)"""
"rex-pn-rpn-c-diff-precautions-ipac-canada-ltc-ontario-shift-realities",2206,"""Clostridioides difficile precautions and Canadian IPAC language: LTC shift realities and resident-centred pacing (Canadian RPN REx-PN prep)"""
"rex-pn-rpn-c-diff-precautions-ipac-canada-medication-safety-mar-canada",2201,"""Clostridioides difficile precautions and Canadian IPAC language: Medication safety, MAR checks, and high-alert vigilance (Canadian RPN REx-PN prep)"""
"rex-pn-rpn-c-diff-precautions-ipac-canada-patient-teaching-health-literacy",2197,"""Clostridioides difficile precautions and Canadian IPAC language: Patient teaching and health literacy for Canadian PN learners (Canadian RPN REx-PN prep)"""
"rex-pn-rpn-c-diff-precautions-ipac-canada-rex-pn-ngn-item-thinking",2188,"""Clostridioides difficile precautions and Canadian IPAC language: REx-PN and NGN-style case thinking (Canadian RPN REx-PN prep)"""
"rex-pn-rpn-c-diff-precautions-ipac-canada-sbar-escalation-canada",2189,"""Clostridioides difficile precautions and Canadian IPAC language: SBAR, escalation, and interprofessional handoff discipline (Canadian RPN REx-PN prep)"""
"rex-pn-rpn-cbc-basics-rpn-canada-acute-med-surg-canada",2212,"""CBC basics practical nurses use for escalation and teaching: Acute med-surg priorities for practical nurses (Canadian RPN REx-PN prep)"""
"rex-pn-rpn-cbc-basics-rpn-canada-clinical-judgment-priorities",2199,"""CBC basics practical nurses use for escalation and teaching: Clinical judgment and prioritization drills (Canadian RPN REx-PN prep)"""
"rex-pn-rpn-cbc-basics-rpn-canada-delegation-ucp-canada",2216,"""CBC basics practical nurses use for escalation and teaching: Delegation and unregulated care provider collaboration (Canadian RPN REx-PN prep)"""
"rex-pn-rpn-cbc-basics-rpn-canada-documentation-exam-focus",2203,"""CBC basics practical nurses use for escalation and teaching: Documentation expectations on Canadian PN exams (Canadian RPN REx-PN prep)"""
"rex-pn-rpn-cbc-basics-rpn-canada-home-community-nursing-canada",2211,"""CBC basics practical nurses use for escalation and teaching: Home and community care realities for RPN practice (Canadian RPN REx-PN prep)"""
"rex-pn-rpn-cbc-basics-rpn-canada-ipac-routine-practices-canada",2206,"""CBC basics practical nurses use for escalation and teaching: IPAC routine practices and outbreak language (Canadian RPN REx-PN prep)"""
"rex-pn-rpn-cbc-basics-rpn-canada-ltc-ontario-shift-realities",2221,"""CBC basics practical nurses use for escalation and teaching: LTC shift realities and resident-centred pacing (Canadian RPN REx-PN prep)"""
"rex-pn-rpn-cbc-basics-rpn-canada-medication-safety-mar-canada",2224,"""CBC basics practical nurses use for escalation and teaching: Medication safety, MAR checks, and high-alert vigilance (Canadian RPN REx-PN prep)"""
"rex-pn-rpn-cbc-basics-rpn-canada-patient-teaching-health-literacy",2217,"""CBC basics practical nurses use for escalation and teaching: Patient teaching and health literacy for Canadian PN learners (Canadian RPN REx-PN prep)"""
"rex-pn-rpn-cbc-basics-rpn-canada-rex-pn-ngn-item-thinking",2208,"""CBC basics practical nurses use for escalation and teaching: REx-PN and NGN-style case thinking (Canadian RPN REx-PN prep)"""
"rex-pn-rpn-cbc-basics-rpn-canada-sbar-escalation-canada",2206,"""CBC basics practical nurses use for escalation and teaching: SBAR, escalation, and interprofessional handoff discipline (Canadian RPN REx-PN prep)"""
"rex-pn-rpn-ckd-fluid-balance-labs-rpn-canada-acute-med-surg-canada",2224,"""Chronic kidney disease fluid balance, diet teaching, and lab trends: Acute med-surg priorities for practical nurses (Canadian RPN REx-PN prep)"""
"rex-pn-rpn-ckd-fluid-balance-labs-rpn-canada-clinical-judgment-priorities",2215,"""Chronic kidney disease fluid balance, diet teaching, and lab trends: Clinical judgment and prioritization drills (Canadian RPN REx-PN prep)"""
"rex-pn-rpn-ckd-fluid-balance-labs-rpn-canada-delegation-ucp-canada",2213,"""Chronic kidney disease fluid balance, diet teaching, and lab trends: Delegation and unregulated care provider collaboration (Canadian RPN REx-PN prep)"""
"rex-pn-rpn-ckd-fluid-balance-labs-rpn-canada-documentation-exam-focus",2217,"""Chronic kidney disease fluid balance, diet teaching, and lab trends: Documentation expectations on Canadian PN exams (Canadian RPN REx-PN prep)"""
"rex-pn-rpn-ckd-fluid-balance-labs-rpn-canada-home-community-nursing-canada",2224,"""Chronic kidney disease fluid balance, diet teaching, and lab trends: Home and community care realities for RPN practice (Canadian RPN REx-PN prep)"""
"rex-pn-rpn-ckd-fluid-balance-labs-rpn-canada-ipac-routine-practices-canada",2219,"""Chronic kidney disease fluid balance, diet teaching, and lab trends: IPAC routine practices and outbreak language (Canadian RPN REx-PN prep)"""
"rex-pn-rpn-ckd-fluid-balance-labs-rpn-canada-ltc-ontario-shift-realities",2224,"""Chronic kidney disease fluid balance, diet teaching, and lab trends: LTC shift realities and resident-centred pacing (Canadian RPN REx-PN prep)"""
"rex-pn-rpn-ckd-fluid-balance-labs-rpn-canada-medication-safety-mar-canada",2223,"""Chronic kidney disease fluid balance, diet teaching, and lab trends: Medication safety, MAR checks, and high-alert vigilance (Canadian RPN REx-PN prep)"""
"rex-pn-rpn-ckd-fluid-balance-labs-rpn-canada-patient-teaching-health-literacy",2215,"""Chronic kidney disease fluid balance, diet teaching, and lab trends: Patient teaching and health literacy for Canadian PN learners (Canadian RPN REx-PN prep)"""
"rex-pn-rpn-ckd-fluid-balance-labs-rpn-canada-rex-pn-ngn-item-thinking",2223,"""Chronic kidney disease fluid balance, diet teaching, and lab trends: REx-PN and NGN-style case thinking (Canadian RPN REx-PN prep)"""
"rex-pn-rpn-ckd-fluid-balance-labs-rpn-canada-sbar-escalation-canada",2216,"""Chronic kidney disease fluid balance, diet teaching, and lab trends: SBAR, escalation, and interprofessional handoff discipline (Canadian RPN REx-PN prep)"""
"rex-pn-rpn-consent-capacity-ontario-style-canada-acute-med-surg-canada",2187,"""Consent, capacity, and substitute decision-making language: Acute med-surg priorities for practical nurses (Canadian RPN REx-PN prep)"""
"rex-pn-rpn-consent-capacity-ontario-style-canada-clinical-judgment-priorities",2177,"""Consent, capacity, and substitute decision-making language: Clinical judgment and prioritization drills (Canadian RPN REx-PN prep)"""
"rex-pn-rpn-consent-capacity-ontario-style-canada-delegation-ucp-canada",2184,"""Consent, capacity, and substitute decision-making language: Delegation and unregulated care provider collaboration (Canadian RPN REx-PN prep)"""
"rex-pn-rpn-consent-capacity-ontario-style-canada-documentation-exam-focus",2181,"""Consent, capacity, and substitute decision-making language: Documentation expectations on Canadian PN exams (Canadian RPN REx-PN prep)"""
"rex-pn-rpn-consent-capacity-ontario-style-canada-home-community-nursing-canada",2191,"""Consent, capacity, and substitute decision-making language: Home and community care realities for RPN practice (Canadian RPN REx-PN prep)"""
"rex-pn-rpn-consent-capacity-ontario-style-canada-ipac-routine-practices-canada",2183,"""Consent, capacity, and substitute decision-making language: IPAC routine practices and outbreak language (Canadian RPN REx-PN prep)"""
"rex-pn-rpn-consent-capacity-ontario-style-canada-ltc-ontario-shift-realities",2190,"""Consent, capacity, and substitute decision-making language: LTC shift realities and resident-centred pacing (Canadian RPN REx-PN prep)"""
"rex-pn-rpn-consent-capacity-ontario-style-canada-medication-safety-mar-canada",2194,"""Consent, capacity, and substitute decision-making language: Medication safety, MAR checks, and high-alert vigilance (Canadian RPN REx-PN prep)"""
"rex-pn-rpn-consent-capacity-ontario-style-canada-patient-teaching-health-literacy",2185,"""Consent, capacity, and substitute decision-making language: Patient teaching and health literacy for Canadian PN learners (Canadian RPN REx-PN prep)"""
"rex-pn-rpn-consent-capacity-ontario-style-canada-rex-pn-ngn-item-thinking",2185,"""Consent, capacity, and substitute decision-making language: REx-PN and NGN-style case thinking (Canadian RPN REx-PN prep)"""
"rex-pn-rpn-consent-capacity-ontario-style-canada-sbar-escalation-canada",2188,"""Consent, capacity, and substitute decision-making language: SBAR, escalation, and interprofessional handoff discipline (Canadian RPN REx-PN prep)"""
"rex-pn-rpn-copd-oxygen-safety-canada-acute-med-surg-canada",2211,"""COPD, oxygen safety, and Canadian home oxygen teaching: Acute med-surg priorities for practical nurses (Canadian RPN REx-PN prep)"""
"rex-pn-rpn-copd-oxygen-safety-canada-clinical-judgment-priorities",2205,"""COPD, oxygen safety, and Canadian home oxygen teaching: Clinical judgment and prioritization drills (Canadian RPN REx-PN prep)"""
"rex-pn-rpn-copd-oxygen-safety-canada-delegation-ucp-canada",2211,"""COPD, oxygen safety, and Canadian home oxygen teaching: Delegation and unregulated care provider collaboration (Canadian RPN REx-PN prep)"""
"rex-pn-rpn-copd-oxygen-safety-canada-documentation-exam-focus",2205,"""COPD, oxygen safety, and Canadian home oxygen teaching: Documentation expectations on Canadian PN exams (Canadian RPN REx-PN prep)"""
"rex-pn-rpn-copd-oxygen-safety-canada-home-community-nursing-canada",2213,"""COPD, oxygen safety, and Canadian home oxygen teaching: Home and community care realities for RPN practice (Canadian RPN REx-PN prep)"""
"rex-pn-rpn-copd-oxygen-safety-canada-ipac-routine-practices-canada",2210,"""COPD, oxygen safety, and Canadian home oxygen teaching: IPAC routine practices and outbreak language (Canadian RPN REx-PN prep)"""
"rex-pn-rpn-copd-oxygen-safety-canada-ltc-ontario-shift-realities",2218,"""COPD, oxygen safety, and Canadian home oxygen teaching: LTC shift realities and resident-centred pacing (Canadian RPN REx-PN prep)"""
"rex-pn-rpn-copd-oxygen-safety-canada-medication-safety-mar-canada",2219,"""COPD, oxygen safety, and Canadian home oxygen teaching: Medication safety, MAR checks, and high-alert vigilance (Canadian RPN REx-PN prep)"""
"rex-pn-rpn-copd-oxygen-safety-canada-patient-teaching-health-literacy",2206,"""COPD, oxygen safety, and Canadian home oxygen teaching: Patient teaching and health literacy for Canadian PN learners (Canadian RPN REx-PN prep)"""
"rex-pn-rpn-copd-oxygen-safety-canada-rex-pn-ngn-item-thinking",2212,"""COPD, oxygen safety, and Canadian home oxygen teaching: REx-PN and NGN-style case thinking (Canadian RPN REx-PN prep)"""
"rex-pn-rpn-copd-oxygen-safety-canada-sbar-escalation-canada",2207,"""COPD, oxygen safety, and Canadian home oxygen teaching: SBAR, escalation, and interprofessional handoff discipline (Canadian RPN REx-PN prep)"""
"rex-pn-rpn-delirium-vs-dementia-rpn-canada-acute-med-surg-canada",2188,"""Delirium versus dementia cues for practical nurses: Acute med-surg priorities for practical nurses (Canadian RPN REx-PN prep)"""
"rex-pn-rpn-delirium-vs-dementia-rpn-canada-clinical-judgment-priorities",2179,"""Delirium versus dementia cues for practical nurses: Clinical judgment and prioritization drills (Canadian RPN REx-PN prep)"""
"rex-pn-rpn-delirium-vs-dementia-rpn-canada-delegation-ucp-canada",2181,"""Delirium versus dementia cues for practical nurses: Delegation and unregulated care provider collaboration (Canadian RPN REx-PN prep)"""
"rex-pn-rpn-delirium-vs-dementia-rpn-canada-documentation-exam-focus",2183,"""Delirium versus dementia cues for practical nurses: Documentation expectations on Canadian PN exams (Canadian RPN REx-PN prep)"""
"rex-pn-rpn-delirium-vs-dementia-rpn-canada-home-community-nursing-canada",2186,"""Delirium versus dementia cues for practical nurses: Home and community care realities for RPN practice (Canadian RPN REx-PN prep)"""
"rex-pn-rpn-delirium-vs-dementia-rpn-canada-ipac-routine-practices-canada",2181,"""Delirium versus dementia cues for practical nurses: IPAC routine practices and outbreak language (Canadian RPN REx-PN prep)"""
"rex-pn-rpn-delirium-vs-dementia-rpn-canada-ltc-ontario-shift-realities",2192,"""Delirium versus dementia cues for practical nurses: LTC shift realities and resident-centred pacing (Canadian RPN REx-PN prep)"""
"rex-pn-rpn-delirium-vs-dementia-rpn-canada-medication-safety-mar-canada",2192,"""Delirium versus dementia cues for practical nurses: Medication safety, MAR checks, and high-alert vigilance (Canadian RPN REx-PN prep)"""
"rex-pn-rpn-delirium-vs-dementia-rpn-canada-patient-teaching-health-literacy",2182,"""Delirium versus dementia cues for practical nurses: Patient teaching and health literacy for Canadian PN learners (Canadian RPN REx-PN prep)"""
"rex-pn-rpn-delirium-vs-dementia-rpn-canada-rex-pn-ngn-item-thinking",2183,"""Delirium versus dementia cues for practical nurses: REx-PN and NGN-style case thinking (Canadian RPN REx-PN prep)"""
"rex-pn-rpn-delirium-vs-dementia-rpn-canada-sbar-escalation-canada",2185,"""Delirium versus dementia cues for practical nurses: SBAR, escalation, and interprofessional handoff discipline (Canadian RPN REx-PN prep)"""
"rex-pn-rpn-diabetes-foot-screening-rpn-canada-acute-med-surg-canada",2218,"""Diabetes foot screening and teaching for PN practice: Acute med-surg priorities for practical nurses (Canadian RPN REx-PN prep)"""
"rex-pn-rpn-diabetes-foot-screening-rpn-canada-clinical-judgment-priorities",2211,"""Diabetes foot screening and teaching for PN practice: Clinical judgment and prioritization drills (Canadian RPN REx-PN prep)"""
"rex-pn-rpn-diabetes-foot-screening-rpn-canada-delegation-ucp-canada",2222,"""Diabetes foot screening and teaching for PN practice: Delegation and unregulated care provider collaboration (Canadian RPN REx-PN prep)"""
"rex-pn-rpn-diabetes-foot-screening-rpn-canada-documentation-exam-focus",2216,"""Diabetes foot screening and teaching for PN practice: Documentation expectations on Canadian PN exams (Canadian RPN REx-PN prep)"""
"rex-pn-rpn-diabetes-foot-screening-rpn-canada-home-community-nursing-canada",2220,"""Diabetes foot screening and teaching for PN practice: Home and community care realities for RPN practice (Canadian RPN REx-PN prep)"""
"rex-pn-rpn-diabetes-foot-screening-rpn-canada-ipac-routine-practices-canada",2214,"""Diabetes foot screening and teaching for PN practice: IPAC routine practices and outbreak language (Canadian RPN REx-PN prep)"""
"rex-pn-rpn-diabetes-foot-screening-rpn-canada-ltc-ontario-shift-realities",2225,"""Diabetes foot screening and teaching for PN practice: LTC shift realities and resident-centred pacing (Canadian RPN REx-PN prep)"""
"rex-pn-rpn-diabetes-foot-screening-rpn-canada-medication-safety-mar-canada",2222,"""Diabetes foot screening and teaching for PN practice: Medication safety, MAR checks, and high-alert vigilance (Canadian RPN REx-PN prep)"""
"rex-pn-rpn-diabetes-foot-screening-rpn-canada-patient-teaching-health-literacy",2217,"""Diabetes foot screening and teaching for PN practice: Patient teaching and health literacy for Canadian PN learners (Canadian RPN REx-PN prep)"""
"rex-pn-rpn-diabetes-foot-screening-rpn-canada-rex-pn-ngn-item-thinking",2218,"""Diabetes foot screening and teaching for PN practice: REx-PN and NGN-style case thinking (Canadian RPN REx-PN prep)"""
"rex-pn-rpn-diabetes-foot-screening-rpn-canada-sbar-escalation-canada",2216,"""Diabetes foot screening and teaching for PN practice: SBAR, escalation, and interprofessional handoff discipline (Canadian RPN REx-PN prep)"""
"rex-pn-rpn-dysphagia-thickened-fluids-rpn-canada-acute-med-surg-canada",2195,"""Dysphagia, thickened fluids, and aspiration risk reduction: Acute med-surg priorities for practical nurses (Canadian RPN REx-PN prep)"""
"rex-pn-rpn-dysphagia-thickened-fluids-rpn-canada-clinical-judgment-priorities",2178,"""Dysphagia, thickened fluids, and aspiration risk reduction: Clinical judgment and prioritization drills (Canadian RPN REx-PN prep)"""
"rex-pn-rpn-dysphagia-thickened-fluids-rpn-canada-delegation-ucp-canada",2193,"""Dysphagia, thickened fluids, and aspiration risk reduction: Delegation and unregulated care provider collaboration (Canadian RPN REx-PN prep)"""
"rex-pn-rpn-dysphagia-thickened-fluids-rpn-canada-documentation-exam-focus",2180,"""Dysphagia, thickened fluids, and aspiration risk reduction: Documentation expectations on Canadian PN exams (Canadian RPN REx-PN prep)"""
"rex-pn-rpn-dysphagia-thickened-fluids-rpn-canada-home-community-nursing-canada",2189,"""Dysphagia, thickened fluids, and aspiration risk reduction: Home and community care realities for RPN practice (Canadian RPN REx-PN prep)"""
"rex-pn-rpn-dysphagia-thickened-fluids-rpn-canada-ipac-routine-practices-canada",2187,"""Dysphagia, thickened fluids, and aspiration risk reduction: IPAC routine practices and outbreak language (Canadian RPN REx-PN prep)"""
"rex-pn-rpn-dysphagia-thickened-fluids-rpn-canada-ltc-ontario-shift-realities",2195,"""Dysphagia, thickened fluids, and aspiration risk reduction: LTC shift realities and resident-centred pacing (Canadian RPN REx-PN prep)"""
"rex-pn-rpn-dysphagia-thickened-fluids-rpn-canada-medication-safety-mar-canada",2200,"""Dysphagia, thickened fluids, and aspiration risk reduction: Medication safety, MAR checks, and high-alert vigilance (Canadian RPN REx-PN prep)"""
"rex-pn-rpn-dysphagia-thickened-fluids-rpn-canada-patient-teaching-health-literacy",2193,"""Dysphagia, thickened fluids, and aspiration risk reduction: Patient teaching and health literacy for Canadian PN learners (Canadian RPN REx-PN prep)"""
"rex-pn-rpn-dysphagia-thickened-fluids-rpn-canada-rex-pn-ngn-item-thinking",2187,"""Dysphagia, thickened fluids, and aspiration risk reduction: REx-PN and NGN-style case thinking (Canadian RPN REx-PN prep)"""
"rex-pn-rpn-dysphagia-thickened-fluids-rpn-canada-sbar-escalation-canada",2185,"""Dysphagia, thickened fluids, and aspiration risk reduction: SBAR, escalation, and interprofessional handoff discipline (Canadian RPN REx-PN prep)"""
"rex-pn-rpn-falls-risk-braden-morse-canada-acute-med-surg-canada",2193,"""Falls risk, Morse/Baden scales, and shift safety: Acute med-surg priorities for practical nurses (Canadian RPN REx-PN prep)"""
"rex-pn-rpn-falls-risk-braden-morse-canada-clinical-judgment-priorities",2184,"""Falls risk, Morse/Baden scales, and shift safety: Clinical judgment and prioritization drills (Canadian RPN REx-PN prep)"""
"rex-pn-rpn-falls-risk-braden-morse-canada-delegation-ucp-canada",2195,"""Falls risk, Morse/Baden scales, and shift safety: Delegation and unregulated care provider collaboration (Canadian RPN REx-PN prep)"""
"rex-pn-rpn-falls-risk-braden-morse-canada-documentation-exam-focus",2194,"""Falls risk, Morse/Baden scales, and shift safety: Documentation expectations on Canadian PN exams (Canadian RPN REx-PN prep)"""
"rex-pn-rpn-falls-risk-braden-morse-canada-home-community-nursing-canada",2200,"""Falls risk, Morse/Baden scales, and shift safety: Home and community care realities for RPN practice (Canadian RPN REx-PN prep)"""
"rex-pn-rpn-falls-risk-braden-morse-canada-ipac-routine-practices-canada",2194,"""Falls risk, Morse/Baden scales, and shift safety: IPAC routine practices and outbreak language (Canadian RPN REx-PN prep)"""
"rex-pn-rpn-falls-risk-braden-morse-canada-ltc-ontario-shift-realities",2195,"""Falls risk, Morse/Baden scales, and shift safety: LTC shift realities and resident-centred pacing (Canadian RPN REx-PN prep)"""
"rex-pn-rpn-falls-risk-braden-morse-canada-medication-safety-mar-canada",2200,"""Falls risk, Morse/Baden scales, and shift safety: Medication safety, MAR checks, and high-alert vigilance (Canadian RPN REx-PN prep)"""
"rex-pn-rpn-falls-risk-braden-morse-canada-patient-teaching-health-literacy",2193,"""Falls risk, Morse/Baden scales, and shift safety: Patient teaching and health literacy for Canadian PN learners (Canadian RPN REx-PN prep)"""
"rex-pn-rpn-falls-risk-braden-morse-canada-rex-pn-ngn-item-thinking",2198,"""Falls risk, Morse/Baden scales, and shift safety: REx-PN and NGN-style case thinking (Canadian RPN REx-PN prep)"""
"rex-pn-rpn-falls-risk-braden-morse-canada-sbar-escalation-canada",2197,"""Falls risk, Morse/Baden scales, and shift safety: SBAR, escalation, and interprofessional handoff discipline (Canadian RPN REx-PN prep)"""
"rex-pn-rpn-hand-hygiene-five-moments-canada-acute-med-surg-canada",2228,"""Hand hygiene, moments, and audit language used in Canadian facilities: Acute med-surg priorities for practical nurses (Canadian RPN REx-PN prep)"""
"rex-pn-rpn-hand-hygiene-five-moments-canada-clinical-judgment-priorities",2216,"""Hand hygiene, moments, and audit language used in Canadian facilities: Clinical judgment and prioritization drills (Canadian RPN REx-PN prep)"""
"rex-pn-rpn-hand-hygiene-five-moments-canada-delegation-ucp-canada",2225,"""Hand hygiene, moments, and audit language used in Canadian facilities: Delegation and unregulated care provider collaboration (Canadian RPN REx-PN prep)"""
"rex-pn-rpn-hand-hygiene-five-moments-canada-documentation-exam-focus",2222,"""Hand hygiene, moments, and audit language used in Canadian facilities: Documentation expectations on Canadian PN exams (Canadian RPN REx-PN prep)"""
"rex-pn-rpn-hand-hygiene-five-moments-canada-home-community-nursing-canada",2231,"""Hand hygiene, moments, and audit language used in Canadian facilities: Home and community care realities for RPN practice (Canadian RPN REx-PN prep)"""
"rex-pn-rpn-hand-hygiene-five-moments-canada-ipac-routine-practices-canada",2223,"""Hand hygiene, moments, and audit language used in Canadian facilities: IPAC routine practices and outbreak language (Canadian RPN REx-PN prep)"""
"rex-pn-rpn-hand-hygiene-five-moments-canada-ltc-ontario-shift-realities",2229,"""Hand hygiene, moments, and audit language used in Canadian facilities: LTC shift realities and resident-centred pacing (Canadian RPN REx-PN prep)"""
"rex-pn-rpn-hand-hygiene-five-moments-canada-medication-safety-mar-canada",2231,"""Hand hygiene, moments, and audit language used in Canadian facilities: Medication safety, MAR checks, and high-alert vigilance (Canadian RPN REx-PN prep)"""
"rex-pn-rpn-hand-hygiene-five-moments-canada-patient-teaching-health-literacy",2225,"""Hand hygiene, moments, and audit language used in Canadian facilities: Patient teaching and health literacy for Canadian PN learners (Canadian RPN REx-PN prep)"""
"rex-pn-rpn-hand-hygiene-five-moments-canada-rex-pn-ngn-item-thinking",2229,"""Hand hygiene, moments, and audit language used in Canadian facilities: REx-PN and NGN-style case thinking (Canadian RPN REx-PN prep)"""
"rex-pn-rpn-hand-hygiene-five-moments-canada-sbar-escalation-canada",2227,"""Hand hygiene, moments, and audit language used in Canadian facilities: SBAR, escalation, and interprofessional handoff discipline (Canadian RPN REx-PN prep)"""
"rex-pn-rpn-heart-failure-daily-weights-canada-acute-med-surg-canada",2214,"""Heart failure monitoring, daily weights, and fluid teaching: Acute med-surg priorities for practical nurses (Canadian RPN REx-PN prep)"""
"rex-pn-rpn-heart-failure-daily-weights-canada-clinical-judgment-priorities",2192,"""Heart failure monitoring, daily weights, and fluid teaching: Clinical judgment and prioritization drills (Canadian RPN REx-PN prep)"""
"rex-pn-rpn-heart-failure-daily-weights-canada-delegation-ucp-canada",2211,"""Heart failure monitoring, daily weights, and fluid teaching: Delegation and unregulated care provider collaboration (Canadian RPN REx-PN prep)"""
"rex-pn-rpn-heart-failure-daily-weights-canada-documentation-exam-focus",2203,"""Heart failure monitoring, daily weights, and fluid teaching: Documentation expectations on Canadian PN exams (Canadian RPN REx-PN prep)"""
"rex-pn-rpn-heart-failure-daily-weights-canada-home-community-nursing-canada",2204,"""Heart failure monitoring, daily weights, and fluid teaching: Home and community care realities for RPN practice (Canadian RPN REx-PN prep)"""
"rex-pn-rpn-heart-failure-daily-weights-canada-ipac-routine-practices-canada",2200,"""Heart failure monitoring, daily weights, and fluid teaching: IPAC routine practices and outbreak language (Canadian RPN REx-PN prep)"""
"rex-pn-rpn-heart-failure-daily-weights-canada-ltc-ontario-shift-realities",2212,"""Heart failure monitoring, daily weights, and fluid teaching: LTC shift realities and resident-centred pacing (Canadian RPN REx-PN prep)"""
"rex-pn-rpn-heart-failure-daily-weights-canada-medication-safety-mar-canada",2219,"""Heart failure monitoring, daily weights, and fluid teaching: Medication safety, MAR checks, and high-alert vigilance (Canadian RPN REx-PN prep)"""
"rex-pn-rpn-heart-failure-daily-weights-canada-patient-teaching-health-literacy",2210,"""Heart failure monitoring, daily weights, and fluid teaching: Patient teaching and health literacy for Canadian PN learners (Canadian RPN REx-PN prep)"""
"rex-pn-rpn-heart-failure-daily-weights-canada-rex-pn-ngn-item-thinking",2196,"""Heart failure monitoring, daily weights, and fluid teaching: REx-PN and NGN-style case thinking (Canadian RPN REx-PN prep)"""
"rex-pn-rpn-heart-failure-daily-weights-canada-sbar-escalation-canada",2203,"""Heart failure monitoring, daily weights, and fluid teaching: SBAR, escalation, and interprofessional handoff discipline (Canadian RPN REx-PN prep)"""
"rex-pn-rpn-indigenous-cultural-safety-exam-prep-canada-acute-med-surg-canada",2250,"""Indigenous cultural safety as exam-prep considerations for Canadian PN learners: Acute med-surg priorities for practical nurses (Canadian RPN REx-PN prep)"""
"rex-pn-rpn-indigenous-cultural-safety-exam-prep-canada-clinical-judgment-priorities",2228,"""Indigenous cultural safety as exam-prep considerations for Canadian PN learners: Clinical judgment and prioritization drills (Canadian RPN REx-PN prep)"""
"rex-pn-rpn-indigenous-cultural-safety-exam-prep-canada-delegation-ucp-canada",2247,"""Indigenous cultural safety as exam-prep considerations for Canadian PN learners: Delegation and unregulated care provider collaboration (Canadian RPN REx-PN prep)"""
"rex-pn-rpn-indigenous-cultural-safety-exam-prep-canada-documentation-exam-focus",2236,"""Indigenous cultural safety as exam-prep considerations for Canadian PN learners: Documentation expectations on Canadian PN exams (Canadian RPN REx-PN prep)"""
"rex-pn-rpn-indigenous-cultural-safety-exam-prep-canada-home-community-nursing-canada",2244,"""Indigenous cultural safety as exam-prep considerations for Canadian PN learners: Home and community care realities for RPN practice (Canadian RPN REx-PN prep)"""
"rex-pn-rpn-indigenous-cultural-safety-exam-prep-canada-ipac-routine-practices-canada",2243,"""Indigenous cultural safety as exam-prep considerations for Canadian PN learners: IPAC routine practices and outbreak language (Canadian RPN REx-PN prep)"""
"rex-pn-rpn-indigenous-cultural-safety-exam-prep-canada-ltc-ontario-shift-realities",2257,"""Indigenous cultural safety as exam-prep considerations for Canadian PN learners: LTC shift realities and resident-centred pacing (Canadian RPN REx-PN prep)"""
"rex-pn-rpn-indigenous-cultural-safety-exam-prep-canada-medication-safety-mar-canada",2249,"""Indigenous cultural safety as exam-prep considerations for Canadian PN learners: Medication safety, MAR checks, and high-alert vigilance (Canadian RPN REx-PN prep)"""
"rex-pn-rpn-indigenous-cultural-safety-exam-prep-canada-patient-teaching-health-literacy",2251,"""Indigenous cultural safety as exam-prep considerations for Canadian PN learners: Patient teaching and health literacy for Canadian PN learners (Canadian RPN REx-PN prep)"""
"rex-pn-rpn-indigenous-cultural-safety-exam-prep-canada-rex-pn-ngn-item-thinking",2236,"""Indigenous cultural safety as exam-prep considerations for Canadian PN learners: REx-PN and NGN-style case thinking (Canadian RPN REx-PN prep)"""
"rex-pn-rpn-indigenous-cultural-safety-exam-prep-canada-sbar-escalation-canada",2245,"""Indigenous cultural safety as exam-prep considerations for Canadian PN learners: SBAR, escalation, and interprofessional handoff discipline (Canadian RPN REx-PN prep)"""
"rex-pn-rpn-iv-site-assessment-infiltration-canada-acute-med-surg-canada",2218,"""Peripheral IV site assessment, phlebitis cues, and infiltration surveillance: Acute med-surg priorities for practical nurses (Canadian RPN REx-PN prep)"""
"rex-pn-rpn-iv-site-assessment-infiltration-canada-clinical-judgment-priorities",2210,"""Peripheral IV site assessment, phlebitis cues, and infiltration surveillance: Clinical judgment and prioritization drills (Canadian RPN REx-PN prep)"""
"rex-pn-rpn-iv-site-assessment-infiltration-canada-delegation-ucp-canada",2214,"""Peripheral IV site assessment, phlebitis cues, and infiltration surveillance: Delegation and unregulated care provider collaboration (Canadian RPN REx-PN prep)"""
"rex-pn-rpn-iv-site-assessment-infiltration-canada-documentation-exam-focus",2209,"""Peripheral IV site assessment, phlebitis cues, and infiltration surveillance: Documentation expectations on Canadian PN exams (Canadian RPN REx-PN prep)"""
"rex-pn-rpn-iv-site-assessment-infiltration-canada-home-community-nursing-canada",2219,"""Peripheral IV site assessment, phlebitis cues, and infiltration surveillance: Home and community care realities for RPN practice (Canadian RPN REx-PN prep)"""
"rex-pn-rpn-iv-site-assessment-infiltration-canada-ipac-routine-practices-canada",2210,"""Peripheral IV site assessment, phlebitis cues, and infiltration surveillance: IPAC routine practices and outbreak language (Canadian RPN REx-PN prep)"""
"rex-pn-rpn-iv-site-assessment-infiltration-canada-ltc-ontario-shift-realities",2218,"""Peripheral IV site assessment, phlebitis cues, and infiltration surveillance: LTC shift realities and resident-centred pacing (Canadian RPN REx-PN prep)"""
"rex-pn-rpn-iv-site-assessment-infiltration-canada-medication-safety-mar-canada",2218,"""Peripheral IV site assessment, phlebitis cues, and infiltration surveillance: Medication safety, MAR checks, and high-alert vigilance (Canadian RPN REx-PN prep)"""
"rex-pn-rpn-iv-site-assessment-infiltration-canada-patient-teaching-health-literacy",2214,"""Peripheral IV site assessment, phlebitis cues, and infiltration surveillance: Patient teaching and health literacy for Canadian PN learners (Canadian RPN REx-PN prep)"""
"rex-pn-rpn-iv-site-assessment-infiltration-canada-rex-pn-ngn-item-thinking",2214,"""Peripheral IV site assessment, phlebitis cues, and infiltration surveillance: REx-PN and NGN-style case thinking (Canadian RPN REx-PN prep)"""
"rex-pn-rpn-iv-site-assessment-infiltration-canada-sbar-escalation-canada",2215,"""Peripheral IV site assessment, phlebitis cues, and infiltration surveillance: SBAR, escalation, and interprofessional handoff discipline (Canadian RPN REx-PN prep)"""
"rex-pn-rpn-medication-reconciliation-mar-canada-acute-med-surg-canada",2187,"""Medication reconciliation at transitions of care: Acute med-surg priorities for practical nurses (Canadian RPN REx-PN prep)"""
"rex-pn-rpn-medication-reconciliation-mar-canada-clinical-judgment-priorities",2174,"""Medication reconciliation at transitions of care: Clinical judgment and prioritization drills (Canadian RPN REx-PN prep)"""
"rex-pn-rpn-medication-reconciliation-mar-canada-delegation-ucp-canada",2181,"""Medication reconciliation at transitions of care: Delegation and unregulated care provider collaboration (Canadian RPN REx-PN prep)"""
"rex-pn-rpn-medication-reconciliation-mar-canada-documentation-exam-focus",2179,"""Medication reconciliation at transitions of care: Documentation expectations on Canadian PN exams (Canadian RPN REx-PN prep)"""
"rex-pn-rpn-medication-reconciliation-mar-canada-home-community-nursing-canada",2183,"""Medication reconciliation at transitions of care: Home and community care realities for RPN practice (Canadian RPN REx-PN prep)"""
"rex-pn-rpn-medication-reconciliation-mar-canada-ipac-routine-practices-canada",2174,"""Medication reconciliation at transitions of care: IPAC routine practices and outbreak language (Canadian RPN REx-PN prep)"""
"rex-pn-rpn-medication-reconciliation-mar-canada-ltc-ontario-shift-realities",2188,"""Medication reconciliation at transitions of care: LTC shift realities and resident-centred pacing (Canadian RPN REx-PN prep)"""
"rex-pn-rpn-medication-reconciliation-mar-canada-medication-safety-mar-canada",2186,"""Medication reconciliation at transitions of care: Medication safety, MAR checks, and high-alert vigilance (Canadian RPN REx-PN prep)"""
"rex-pn-rpn-medication-reconciliation-mar-canada-patient-teaching-health-literacy",2181,"""Medication reconciliation at transitions of care: Patient teaching and health literacy for Canadian PN learners (Canadian RPN REx-PN prep)"""
"rex-pn-rpn-medication-reconciliation-mar-canada-rex-pn-ngn-item-thinking",2181,"""Medication reconciliation at transitions of care: REx-PN and NGN-style case thinking (Canadian RPN REx-PN prep)"""
"rex-pn-rpn-medication-reconciliation-mar-canada-sbar-escalation-canada",2184,"""Medication reconciliation at transitions of care: SBAR, escalation, and interprofessional handoff discipline (Canadian RPN REx-PN prep)"""
"rex-pn-rpn-mental-health-triage-rpn-canada-acute-med-surg-canada",2191,"""Mental health triage language and therapeutic communication: Acute med-surg priorities for practical nurses (Canadian RPN REx-PN prep)"""
"rex-pn-rpn-mental-health-triage-rpn-canada-clinical-judgment-priorities",2179,"""Mental health triage language and therapeutic communication: Clinical judgment and prioritization drills (Canadian RPN REx-PN prep)"""
"rex-pn-rpn-mental-health-triage-rpn-canada-delegation-ucp-canada",2189,"""Mental health triage language and therapeutic communication: Delegation and unregulated care provider collaboration (Canadian RPN REx-PN prep)"""
"rex-pn-rpn-mental-health-triage-rpn-canada-documentation-exam-focus",2189,"""Mental health triage language and therapeutic communication: Documentation expectations on Canadian PN exams (Canadian RPN REx-PN prep)"""
"rex-pn-rpn-mental-health-triage-rpn-canada-home-community-nursing-canada",2196,"""Mental health triage language and therapeutic communication: Home and community care realities for RPN practice (Canadian RPN REx-PN prep)"""
"rex-pn-rpn-mental-health-triage-rpn-canada-ipac-routine-practices-canada",2185,"""Mental health triage language and therapeutic communication: IPAC routine practices and outbreak language (Canadian RPN REx-PN prep)"""
"rex-pn-rpn-mental-health-triage-rpn-canada-ltc-ontario-shift-realities",2194,"""Mental health triage language and therapeutic communication: LTC shift realities and resident-centred pacing (Canadian RPN REx-PN prep)"""
"rex-pn-rpn-mental-health-triage-rpn-canada-medication-safety-mar-canada",2195,"""Mental health triage language and therapeutic communication: Medication safety, MAR checks, and high-alert vigilance (Canadian RPN REx-PN prep)"""
"rex-pn-rpn-mental-health-triage-rpn-canada-patient-teaching-health-literacy",2189,"""Mental health triage language and therapeutic communication: Patient teaching and health literacy for Canadian PN learners (Canadian RPN REx-PN prep)"""
"rex-pn-rpn-mental-health-triage-rpn-canada-rex-pn-ngn-item-thinking",2190,"""Mental health triage language and therapeutic communication: REx-PN and NGN-style case thinking (Canadian RPN REx-PN prep)"""
"rex-pn-rpn-mental-health-triage-rpn-canada-sbar-escalation-canada",2191,"""Mental health triage language and therapeutic communication: SBAR, escalation, and interprofessional handoff discipline (Canadian RPN REx-PN prep)"""
"rex-pn-rpn-pain-assessment-pn-scope-canada-acute-med-surg-canada",2219,"""Pain assessment tools and practical nursing scope in Canada: Acute med-surg priorities for practical nurses (Canadian RPN REx-PN prep)"""
"rex-pn-rpn-pain-assessment-pn-scope-canada-clinical-judgment-priorities",2201,"""Pain assessment tools and practical nursing scope in Canada: Clinical judgment and prioritization drills (Canadian RPN REx-PN prep)"""
"rex-pn-rpn-pain-assessment-pn-scope-canada-delegation-ucp-canada",2213,"""Pain assessment tools and practical nursing scope in Canada: Delegation and unregulated care provider collaboration (Canadian RPN REx-PN prep)"""
"rex-pn-rpn-pain-assessment-pn-scope-canada-documentation-exam-focus",2203,"""Pain assessment tools and practical nursing scope in Canada: Documentation expectations on Canadian PN exams (Canadian RPN REx-PN prep)"""
"rex-pn-rpn-pain-assessment-pn-scope-canada-home-community-nursing-canada",2209,"""Pain assessment tools and practical nursing scope in Canada: Home and community care realities for RPN practice (Canadian RPN REx-PN prep)"""
"rex-pn-rpn-pain-assessment-pn-scope-canada-ipac-routine-practices-canada",2205,"""Pain assessment tools and practical nursing scope in Canada: IPAC routine practices and outbreak language (Canadian RPN REx-PN prep)"""
"rex-pn-rpn-pain-assessment-pn-scope-canada-ltc-ontario-shift-realities",2222,"""Pain assessment tools and practical nursing scope in Canada: LTC shift realities and resident-centred pacing (Canadian RPN REx-PN prep)"""
"rex-pn-rpn-pain-assessment-pn-scope-canada-medication-safety-mar-canada",2219,"""Pain assessment tools and practical nursing scope in Canada: Medication safety, MAR checks, and high-alert vigilance (Canadian RPN REx-PN prep)"""
"rex-pn-rpn-pain-assessment-pn-scope-canada-patient-teaching-health-literacy",2213,"""Pain assessment tools and practical nursing scope in Canada: Patient teaching and health literacy for Canadian PN learners (Canadian RPN REx-PN prep)"""
"rex-pn-rpn-pain-assessment-pn-scope-canada-rex-pn-ngn-item-thinking",2205,"""Pain assessment tools and practical nursing scope in Canada: REx-PN and NGN-style case thinking (Canadian RPN REx-PN prep)"""
"rex-pn-rpn-pain-assessment-pn-scope-canada-sbar-escalation-canada",2206,"""Pain assessment tools and practical nursing scope in Canada: SBAR, escalation, and interprofessional handoff discipline (Canadian RPN REx-PN prep)"""
"rex-pn-rpn-palliative-symptom-comfort-rpn-canada-acute-med-surg-canada",2200,"""Palliative symptoms, comfort measures, and family support: Acute med-surg priorities for practical nurses (Canadian RPN REx-PN prep)"""
"rex-pn-rpn-palliative-symptom-comfort-rpn-canada-clinical-judgment-priorities",2180,"""Palliative symptoms, comfort measures, and family support: Clinical judgment and prioritization drills (Canadian RPN REx-PN prep)"""
"rex-pn-rpn-palliative-symptom-comfort-rpn-canada-delegation-ucp-canada",2197,"""Palliative symptoms, comfort measures, and family support: Delegation and unregulated care provider collaboration (Canadian RPN REx-PN prep)"""
"rex-pn-rpn-palliative-symptom-comfort-rpn-canada-documentation-exam-focus",2181,"""Palliative symptoms, comfort measures, and family support: Documentation expectations on Canadian PN exams (Canadian RPN REx-PN prep)"""
"rex-pn-rpn-palliative-symptom-comfort-rpn-canada-home-community-nursing-canada",2190,"""Palliative symptoms, comfort measures, and family support: Home and community care realities for RPN practice (Canadian RPN REx-PN prep)"""
"rex-pn-rpn-palliative-symptom-comfort-rpn-canada-ipac-routine-practices-canada",2188,"""Palliative symptoms, comfort measures, and family support: IPAC routine practices and outbreak language (Canadian RPN REx-PN prep)"""
"rex-pn-rpn-palliative-symptom-comfort-rpn-canada-ltc-ontario-shift-realities",2194,"""Palliative symptoms, comfort measures, and family support: LTC shift realities and resident-centred pacing (Canadian RPN REx-PN prep)"""
"rex-pn-rpn-palliative-symptom-comfort-rpn-canada-medication-safety-mar-canada",2203,"""Palliative symptoms, comfort measures, and family support: Medication safety, MAR checks, and high-alert vigilance (Canadian RPN REx-PN prep)"""
"rex-pn-rpn-palliative-symptom-comfort-rpn-canada-patient-teaching-health-literacy",2191,"""Palliative symptoms, comfort measures, and family support: Patient teaching and health literacy for Canadian PN learners (Canadian RPN REx-PN prep)"""
"rex-pn-rpn-palliative-symptom-comfort-rpn-canada-rex-pn-ngn-item-thinking",2183,"""Palliative symptoms, comfort measures, and family support: REx-PN and NGN-style case thinking (Canadian RPN REx-PN prep)"""
"rex-pn-rpn-palliative-symptom-comfort-rpn-canada-sbar-escalation-canada",2185,"""Palliative symptoms, comfort measures, and family support: SBAR, escalation, and interprofessional handoff discipline (Canadian RPN REx-PN prep)"""
"rex-pn-rpn-pneumonia-respiratory-assessment-rpn-canada-acute-med-surg-canada",2201,"""Pneumonia assessment, oxygen titration themes, and vaccination teaching: Acute med-surg priorities for practical nurses (Canadian RPN REx-PN prep)"""
"rex-pn-rpn-pneumonia-respiratory-assessment-rpn-canada-clinical-judgment-priorities",2180,"""Pneumonia assessment, oxygen titration themes, and vaccination teaching: Clinical judgment and prioritization drills (Canadian RPN REx-PN prep)"""
"rex-pn-rpn-pneumonia-respiratory-assessment-rpn-canada-delegation-ucp-canada",2197,"""Pneumonia assessment, oxygen titration themes, and vaccination teaching: Delegation and unregulated care provider collaboration (Canadian RPN REx-PN prep)"""
"rex-pn-rpn-pneumonia-respiratory-assessment-rpn-canada-documentation-exam-focus",2189,"""Pneumonia assessment, oxygen titration themes, and vaccination teaching: Documentation expectations on Canadian PN exams (Canadian RPN REx-PN prep)"""
"rex-pn-rpn-pneumonia-respiratory-assessment-rpn-canada-home-community-nursing-canada",2193,"""Pneumonia assessment, oxygen titration themes, and vaccination teaching: Home and community care realities for RPN practice (Canadian RPN REx-PN prep)"""
"rex-pn-rpn-pneumonia-respiratory-assessment-rpn-canada-ipac-routine-practices-canada",2193,"""Pneumonia assessment, oxygen titration themes, and vaccination teaching: IPAC routine practices and outbreak language (Canadian RPN REx-PN prep)"""
"rex-pn-rpn-pneumonia-respiratory-assessment-rpn-canada-ltc-ontario-shift-realities",2203,"""Pneumonia assessment, oxygen titration themes, and vaccination teaching: LTC shift realities and resident-centred pacing (Canadian RPN REx-PN prep)"""
"rex-pn-rpn-pneumonia-respiratory-assessment-rpn-canada-medication-safety-mar-canada",2205,"""Pneumonia assessment, oxygen titration themes, and vaccination teaching: Medication safety, MAR checks, and high-alert vigilance (Canadian RPN REx-PN prep)"""
"rex-pn-rpn-pneumonia-respiratory-assessment-rpn-canada-patient-teaching-health-literacy",2190,"""Pneumonia assessment, oxygen titration themes, and vaccination teaching: Patient teaching and health literacy for Canadian PN learners (Canadian RPN REx-PN prep)"""
"rex-pn-rpn-pneumonia-respiratory-assessment-rpn-canada-rex-pn-ngn-item-thinking",2182,"""Pneumonia assessment, oxygen titration themes, and vaccination teaching: REx-PN and NGN-style case thinking (Canadian RPN REx-PN prep)"""
"rex-pn-rpn-pneumonia-respiratory-assessment-rpn-canada-sbar-escalation-canada",2186,"""Pneumonia assessment, oxygen titration themes, and vaccination teaching: SBAR, escalation, and interprofessional handoff discipline (Canadian RPN REx-PN prep)"""
"rex-pn-rpn-post-op-surgical-assessment-rpn-canada-acute-med-surg-canada",2190,"""Post-operative assessment, drains, and complication surveillance: Acute med-surg priorities for practical nurses (Canadian RPN REx-PN prep)"""
"rex-pn-rpn-post-op-surgical-assessment-rpn-canada-clinical-judgment-priorities",2171,"""Post-operative assessment, drains, and complication surveillance: Clinical judgment and prioritization drills (Canadian RPN REx-PN prep)"""
"rex-pn-rpn-post-op-surgical-assessment-rpn-canada-delegation-ucp-canada",2190,"""Post-operative assessment, drains, and complication surveillance: Delegation and unregulated care provider collaboration (Canadian RPN REx-PN prep)"""
"rex-pn-rpn-post-op-surgical-assessment-rpn-canada-documentation-exam-focus",2178,"""Post-operative assessment, drains, and complication surveillance: Documentation expectations on Canadian PN exams (Canadian RPN REx-PN prep)"""
"rex-pn-rpn-post-op-surgical-assessment-rpn-canada-home-community-nursing-canada",2184,"""Post-operative assessment, drains, and complication surveillance: Home and community care realities for RPN practice (Canadian RPN REx-PN prep)"""
"rex-pn-rpn-post-op-surgical-assessment-rpn-canada-ipac-routine-practices-canada",2180,"""Post-operative assessment, drains, and complication surveillance: IPAC routine practices and outbreak language (Canadian RPN REx-PN prep)"""
"rex-pn-rpn-post-op-surgical-assessment-rpn-canada-ltc-ontario-shift-realities",2189,"""Post-operative assessment, drains, and complication surveillance: LTC shift realities and resident-centred pacing (Canadian RPN REx-PN prep)"""
"rex-pn-rpn-post-op-surgical-assessment-rpn-canada-medication-safety-mar-canada",2196,"""Post-operative assessment, drains, and complication surveillance: Medication safety, MAR checks, and high-alert vigilance (Canadian RPN REx-PN prep)"""
"rex-pn-rpn-post-op-surgical-assessment-rpn-canada-patient-teaching-health-literacy",2186,"""Post-operative assessment, drains, and complication surveillance: Patient teaching and health literacy for Canadian PN learners (Canadian RPN REx-PN prep)"""
"rex-pn-rpn-post-op-surgical-assessment-rpn-canada-rex-pn-ngn-item-thinking",2175,"""Post-operative assessment, drains, and complication surveillance: REx-PN and NGN-style case thinking (Canadian RPN REx-PN prep)"""
"rex-pn-rpn-post-op-surgical-assessment-rpn-canada-sbar-escalation-canada",2177,"""Post-operative assessment, drains, and complication surveillance: SBAR, escalation, and interprofessional handoff discipline (Canadian RPN REx-PN prep)"""
"rex-pn-rpn-pressure-injury-staging-canada-acute-med-surg-canada",2214,"""Pressure injuries and staging essentials: Acute med-surg priorities for practical nurses (Canadian RPN REx-PN prep)"""
"rex-pn-rpn-pressure-injury-staging-canada-clinical-judgment-priorities",2198,"""Pressure injuries and staging essentials: Clinical judgment and prioritization drills (Canadian RPN REx-PN prep)"""
"rex-pn-rpn-pressure-injury-staging-canada-delegation-ucp-canada",2214,"""Pressure injuries and staging essentials: Delegation and unregulated care provider collaboration (Canadian RPN REx-PN prep)"""
"rex-pn-rpn-pressure-injury-staging-canada-documentation-exam-focus",2204,"""Pressure injuries and staging essentials: Documentation expectations on Canadian PN exams (Canadian RPN REx-PN prep)"""
"rex-pn-rpn-pressure-injury-staging-canada-home-community-nursing-canada",2210,"""Pressure injuries and staging essentials: Home and community care realities for RPN practice (Canadian RPN REx-PN prep)"""
"rex-pn-rpn-pressure-injury-staging-canada-ipac-routine-practices-canada",2210,"""Pressure injuries and staging essentials: IPAC routine practices and outbreak language (Canadian RPN REx-PN prep)"""
"rex-pn-rpn-pressure-injury-staging-canada-ltc-ontario-shift-realities",2218,"""Pressure injuries and staging essentials: LTC shift realities and resident-centred pacing (Canadian RPN REx-PN prep)"""
"rex-pn-rpn-pressure-injury-staging-canada-medication-safety-mar-canada",2218,"""Pressure injuries and staging essentials: Medication safety, MAR checks, and high-alert vigilance (Canadian RPN REx-PN prep)"""
"rex-pn-rpn-pressure-injury-staging-canada-patient-teaching-health-literacy",2214,"""Pressure injuries and staging essentials: Patient teaching and health literacy for Canadian PN learners (Canadian RPN REx-PN prep)"""
"rex-pn-rpn-pressure-injury-staging-canada-rex-pn-ngn-item-thinking",2206,"""Pressure injuries and staging essentials: REx-PN and NGN-style case thinking (Canadian RPN REx-PN prep)"""
"rex-pn-rpn-pressure-injury-staging-canada-sbar-escalation-canada",2202,"""Pressure injuries and staging essentials: SBAR, escalation, and interprofessional handoff discipline (Canadian RPN REx-PN prep)"""
"rex-pn-rpn-sodium-restriction-heart-failure-teaching-canada-acute-med-surg-canada",2187,"""Sodium restriction teaching and hidden salt counselling: Acute med-surg priorities for practical nurses (Canadian RPN REx-PN prep)"""
"rex-pn-rpn-sodium-restriction-heart-failure-teaching-canada-clinical-judgment-priorities",2179,"""Sodium restriction teaching and hidden salt counselling: Clinical judgment and prioritization drills (Canadian RPN REx-PN prep)"""
"rex-pn-rpn-sodium-restriction-heart-failure-teaching-canada-delegation-ucp-canada",2188,"""Sodium restriction teaching and hidden salt counselling: Delegation and unregulated care provider collaboration (Canadian RPN REx-PN prep)"""
"rex-pn-rpn-sodium-restriction-heart-failure-teaching-canada-documentation-exam-focus",2183,"""Sodium restriction teaching and hidden salt counselling: Documentation expectations on Canadian PN exams (Canadian RPN REx-PN prep)"""
"rex-pn-rpn-sodium-restriction-heart-failure-teaching-canada-home-community-nursing-canada",2191,"""Sodium restriction teaching and hidden salt counselling: Home and community care realities for RPN practice (Canadian RPN REx-PN prep)"""
"rex-pn-rpn-sodium-restriction-heart-failure-teaching-canada-ipac-routine-practices-canada",2183,"""Sodium restriction teaching and hidden salt counselling: IPAC routine practices and outbreak language (Canadian RPN REx-PN prep)"""
"rex-pn-rpn-sodium-restriction-heart-failure-teaching-canada-ltc-ontario-shift-realities",2190,"""Sodium restriction teaching and hidden salt counselling: LTC shift realities and resident-centred pacing (Canadian RPN REx-PN prep)"""
"rex-pn-rpn-sodium-restriction-heart-failure-teaching-canada-medication-safety-mar-canada",2194,"""Sodium restriction teaching and hidden salt counselling: Medication safety, MAR checks, and high-alert vigilance (Canadian RPN REx-PN prep)"""
"rex-pn-rpn-sodium-restriction-heart-failure-teaching-canada-patient-teaching-health-literacy",2183,"""Sodium restriction teaching and hidden salt counselling: Patient teaching and health literacy for Canadian PN learners (Canadian RPN REx-PN prep)"""
"rex-pn-rpn-sodium-restriction-heart-failure-teaching-canada-rex-pn-ngn-item-thinking",2183,"""Sodium restriction teaching and hidden salt counselling: REx-PN and NGN-style case thinking (Canadian RPN REx-PN prep)"""
"rex-pn-rpn-sodium-restriction-heart-failure-teaching-canada-sbar-escalation-canada",2183,"""Sodium restriction teaching and hidden salt counselling: SBAR, escalation, and interprofessional handoff discipline (Canadian RPN REx-PN prep)"""
"rex-pn-rpn-stroke-assessment-canadian-context-acute-med-surg-canada",2201,"""Stroke recognition, FAST teaching, and time-sensitive communication: Acute med-surg priorities for practical nurses (Canadian RPN REx-PN prep)"""
"rex-pn-rpn-stroke-assessment-canadian-context-clinical-judgment-priorities",2200,"""Stroke recognition, FAST teaching, and time-sensitive communication: Clinical judgment and prioritization drills (Canadian RPN REx-PN prep)"""
"rex-pn-rpn-stroke-assessment-canadian-context-delegation-ucp-canada",2207,"""Stroke recognition, FAST teaching, and time-sensitive communication: Delegation and unregulated care provider collaboration (Canadian RPN REx-PN prep)"""
"rex-pn-rpn-stroke-assessment-canadian-context-documentation-exam-focus",2204,"""Stroke recognition, FAST teaching, and time-sensitive communication: Documentation expectations on Canadian PN exams (Canadian RPN REx-PN prep)"""
"rex-pn-rpn-stroke-assessment-canadian-context-home-community-nursing-canada",2211,"""Stroke recognition, FAST teaching, and time-sensitive communication: Home and community care realities for RPN practice (Canadian RPN REx-PN prep)"""
"rex-pn-rpn-stroke-assessment-canadian-context-ipac-routine-practices-canada",2200,"""Stroke recognition, FAST teaching, and time-sensitive communication: IPAC routine practices and outbreak language (Canadian RPN REx-PN prep)"""
"rex-pn-rpn-stroke-assessment-canadian-context-ltc-ontario-shift-realities",2204,"""Stroke recognition, FAST teaching, and time-sensitive communication: LTC shift realities and resident-centred pacing (Canadian RPN REx-PN prep)"""
"rex-pn-rpn-stroke-assessment-canadian-context-medication-safety-mar-canada",2211,"""Stroke recognition, FAST teaching, and time-sensitive communication: Medication safety, MAR checks, and high-alert vigilance (Canadian RPN REx-PN prep)"""
"rex-pn-rpn-stroke-assessment-canadian-context-patient-teaching-health-literacy",2200,"""Stroke recognition, FAST teaching, and time-sensitive communication: Patient teaching and health literacy for Canadian PN learners (Canadian RPN REx-PN prep)"""
"rex-pn-rpn-stroke-assessment-canadian-context-rex-pn-ngn-item-thinking",2202,"""Stroke recognition, FAST teaching, and time-sensitive communication: REx-PN and NGN-style case thinking (Canadian RPN REx-PN prep)"""
"rex-pn-rpn-stroke-assessment-canadian-context-sbar-escalation-canada",2200,"""Stroke recognition, FAST teaching, and time-sensitive communication: SBAR, escalation, and interprofessional handoff discipline (Canadian RPN REx-PN prep)"""
"rex-pn-rpn-subcut-insulin-rotation-safety-canada-acute-med-surg-canada",2198,"""Subcutaneous insulin administration, rotation, and hypoglycemia safety: Acute med-surg priorities for practical nurses (Canadian RPN REx-PN prep)"""
"rex-pn-rpn-subcut-insulin-rotation-safety-canada-clinical-judgment-priorities",2178,"""Subcutaneous insulin administration, rotation, and hypoglycemia safety: Clinical judgment and prioritization drills (Canadian RPN REx-PN prep)"""
"rex-pn-rpn-subcut-insulin-rotation-safety-canada-delegation-ucp-canada",2197,"""Subcutaneous insulin administration, rotation, and hypoglycemia safety: Delegation and unregulated care provider collaboration (Canadian RPN REx-PN prep)"""
"rex-pn-rpn-subcut-insulin-rotation-safety-canada-documentation-exam-focus",2184,"""Subcutaneous insulin administration, rotation, and hypoglycemia safety: Documentation expectations on Canadian PN exams (Canadian RPN REx-PN prep)"""
"rex-pn-rpn-subcut-insulin-rotation-safety-canada-home-community-nursing-canada",2191,"""Subcutaneous insulin administration, rotation, and hypoglycemia safety: Home and community care realities for RPN practice (Canadian RPN REx-PN prep)"""
"rex-pn-rpn-subcut-insulin-rotation-safety-canada-ipac-routine-practices-canada",2191,"""Subcutaneous insulin administration, rotation, and hypoglycemia safety: IPAC routine practices and outbreak language (Canadian RPN REx-PN prep)"""
"rex-pn-rpn-subcut-insulin-rotation-safety-canada-ltc-ontario-shift-realities",2195,"""Subcutaneous insulin administration, rotation, and hypoglycemia safety: LTC shift realities and resident-centred pacing (Canadian RPN REx-PN prep)"""
"rex-pn-rpn-subcut-insulin-rotation-safety-canada-medication-safety-mar-canada",2203,"""Subcutaneous insulin administration, rotation, and hypoglycemia safety: Medication safety, MAR checks, and high-alert vigilance (Canadian RPN REx-PN prep)"""
"rex-pn-rpn-subcut-insulin-rotation-safety-canada-patient-teaching-health-literacy",2190,"""Subcutaneous insulin administration, rotation, and hypoglycemia safety: Patient teaching and health literacy for Canadian PN learners (Canadian RPN REx-PN prep)"""
"rex-pn-rpn-subcut-insulin-rotation-safety-canada-rex-pn-ngn-item-thinking",2183,"""Subcutaneous insulin administration, rotation, and hypoglycemia safety: REx-PN and NGN-style case thinking (Canadian RPN REx-PN prep)"""
"rex-pn-rpn-subcut-insulin-rotation-safety-canada-sbar-escalation-canada",2187,"""Subcutaneous insulin administration, rotation, and hypoglycemia safety: SBAR, escalation, and interprofessional handoff discipline (Canadian RPN REx-PN prep)"""
"rex-pn-rpn-substance-use-stigma-harm-reduction-canada-acute-med-surg-canada",2216,"""Substance use, stigma reduction, and harm reduction considerations: Acute med-surg priorities for practical nurses (Canadian RPN REx-PN prep)"""
"rex-pn-rpn-substance-use-stigma-harm-reduction-canada-clinical-judgment-priorities",2200,"""Substance use, stigma reduction, and harm reduction considerations: Clinical judgment and prioritization drills (Canadian RPN REx-PN prep)"""
"rex-pn-rpn-substance-use-stigma-harm-reduction-canada-delegation-ucp-canada",2210,"""Substance use, stigma reduction, and harm reduction considerations: Delegation and unregulated care provider collaboration (Canadian RPN REx-PN prep)"""
"rex-pn-rpn-substance-use-stigma-harm-reduction-canada-documentation-exam-focus",2204,"""Substance use, stigma reduction, and harm reduction considerations: Documentation expectations on Canadian PN exams (Canadian RPN REx-PN prep)"""
"rex-pn-rpn-substance-use-stigma-harm-reduction-canada-home-community-nursing-canada",2211,"""Substance use, stigma reduction, and harm reduction considerations: Home and community care realities for RPN practice (Canadian RPN REx-PN prep)"""
"rex-pn-rpn-substance-use-stigma-harm-reduction-canada-ipac-routine-practices-canada",2213,"""Substance use, stigma reduction, and harm reduction considerations: IPAC routine practices and outbreak language (Canadian RPN REx-PN prep)"""
"rex-pn-rpn-substance-use-stigma-harm-reduction-canada-ltc-ontario-shift-realities",2217,"""Substance use, stigma reduction, and harm reduction considerations: LTC shift realities and resident-centred pacing (Canadian RPN REx-PN prep)"""
"rex-pn-rpn-substance-use-stigma-harm-reduction-canada-medication-safety-mar-canada",2223,"""Substance use, stigma reduction, and harm reduction considerations: Medication safety, MAR checks, and high-alert vigilance (Canadian RPN REx-PN prep)"""
"rex-pn-rpn-substance-use-stigma-harm-reduction-canada-patient-teaching-health-literacy",2213,"""Substance use, stigma reduction, and harm reduction considerations: Patient teaching and health literacy for Canadian PN learners (Canadian RPN REx-PN prep)"""
"rex-pn-rpn-substance-use-stigma-harm-reduction-canada-rex-pn-ngn-item-thinking",2202,"""Substance use, stigma reduction, and harm reduction considerations: REx-PN and NGN-style case thinking (Canadian RPN REx-PN prep)"""
"rex-pn-rpn-substance-use-stigma-harm-reduction-canada-sbar-escalation-canada",2204,"""Substance use, stigma reduction, and harm reduction considerations: SBAR, escalation, and interprofessional handoff discipline (Canadian RPN REx-PN prep)"""
"rex-pn-rpn-tb-exposure-airborne-ipac-canada-acute-med-surg-canada",2217,"""Tuberculosis precautions, airborne PPE language, and reporting themes: Acute med-surg priorities for practical nurses (Canadian RPN REx-PN prep)"""
"rex-pn-rpn-tb-exposure-airborne-ipac-canada-clinical-judgment-priorities",2200,"""Tuberculosis precautions, airborne PPE language, and reporting themes: Clinical judgment and prioritization drills (Canadian RPN REx-PN prep)"""
"rex-pn-rpn-tb-exposure-airborne-ipac-canada-delegation-ucp-canada",2215,"""Tuberculosis precautions, airborne PPE language, and reporting themes: Delegation and unregulated care provider collaboration (Canadian RPN REx-PN prep)"""
"rex-pn-rpn-tb-exposure-airborne-ipac-canada-documentation-exam-focus",2201,"""Tuberculosis precautions, airborne PPE language, and reporting themes: Documentation expectations on Canadian PN exams (Canadian RPN REx-PN prep)"""
"rex-pn-rpn-tb-exposure-airborne-ipac-canada-home-community-nursing-canada",2211,"""Tuberculosis precautions, airborne PPE language, and reporting themes: Home and community care realities for RPN practice (Canadian RPN REx-PN prep)"""
"rex-pn-rpn-tb-exposure-airborne-ipac-canada-ipac-routine-practices-canada",2209,"""Tuberculosis precautions, airborne PPE language, and reporting themes: IPAC routine practices and outbreak language (Canadian RPN REx-PN prep)"""
"rex-pn-rpn-tb-exposure-airborne-ipac-canada-ltc-ontario-shift-realities",2221,"""Tuberculosis precautions, airborne PPE language, and reporting themes: LTC shift realities and resident-centred pacing (Canadian RPN REx-PN prep)"""
"rex-pn-rpn-tb-exposure-airborne-ipac-canada-medication-safety-mar-canada",2218,"""Tuberculosis precautions, airborne PPE language, and reporting themes: Medication safety, MAR checks, and high-alert vigilance (Canadian RPN REx-PN prep)"""
"rex-pn-rpn-tb-exposure-airborne-ipac-canada-patient-teaching-health-literacy",2212,"""Tuberculosis precautions, airborne PPE language, and reporting themes: Patient teaching and health literacy for Canadian PN learners (Canadian RPN REx-PN prep)"""
"rex-pn-rpn-tb-exposure-airborne-ipac-canada-rex-pn-ngn-item-thinking",2204,"""Tuberculosis precautions, airborne PPE language, and reporting themes: REx-PN and NGN-style case thinking (Canadian RPN REx-PN prep)"""
"rex-pn-rpn-tb-exposure-airborne-ipac-canada-sbar-escalation-canada",2207,"""Tuberculosis precautions, airborne PPE language, and reporting themes: SBAR, escalation, and interprofessional handoff discipline (Canadian RPN REx-PN prep)"""
"rex-pn-rpn-urinary-catheter-caauti-ipac-canada-acute-med-surg-canada",2219,"""Urinary catheter care and CAUTI prevention in Canadian practice: Acute med-surg priorities for practical nurses (Canadian RPN REx-PN prep)"""
"rex-pn-rpn-urinary-catheter-caauti-ipac-canada-clinical-judgment-priorities",2199,"""Urinary catheter care and CAUTI prevention in Canadian practice: Clinical judgment and prioritization drills (Canadian RPN REx-PN prep)"""
"rex-pn-rpn-urinary-catheter-caauti-ipac-canada-delegation-ucp-canada",2218,"""Urinary catheter care and CAUTI prevention in Canadian practice: Delegation and unregulated care provider collaboration (Canadian RPN REx-PN prep)"""
"rex-pn-rpn-urinary-catheter-caauti-ipac-canada-documentation-exam-focus",2209,"""Urinary catheter care and CAUTI prevention in Canadian practice: Documentation expectations on Canadian PN exams (Canadian RPN REx-PN prep)"""
"rex-pn-rpn-urinary-catheter-caauti-ipac-canada-home-community-nursing-canada",2210,"""Urinary catheter care and CAUTI prevention in Canadian practice: Home and community care realities for RPN practice (Canadian RPN REx-PN prep)"""
"rex-pn-rpn-urinary-catheter-caauti-ipac-canada-ipac-routine-practices-canada",2213,"""Urinary catheter care and CAUTI prevention in Canadian practice: IPAC routine practices and outbreak language (Canadian RPN REx-PN prep)"""
"rex-pn-rpn-urinary-catheter-caauti-ipac-canada-ltc-ontario-shift-realities",2216,"""Urinary catheter care and CAUTI prevention in Canadian practice: LTC shift realities and resident-centred pacing (Canadian RPN REx-PN prep)"""
"rex-pn-rpn-urinary-catheter-caauti-ipac-canada-medication-safety-mar-canada",2223,"""Urinary catheter care and CAUTI prevention in Canadian practice: Medication safety, MAR checks, and high-alert vigilance (Canadian RPN REx-PN prep)"""
"rex-pn-rpn-urinary-catheter-caauti-ipac-canada-patient-teaching-health-literacy",2213,"""Urinary catheter care and CAUTI prevention in Canadian practice: Patient teaching and health literacy for Canadian PN learners (Canadian RPN REx-PN prep)"""
"rex-pn-rpn-urinary-catheter-caauti-ipac-canada-rex-pn-ngn-item-thinking",2208,"""Urinary catheter care and CAUTI prevention in Canadian practice: REx-PN and NGN-style case thinking (Canadian RPN REx-PN prep)"""
"rex-pn-rpn-urinary-catheter-caauti-ipac-canada-sbar-escalation-canada",2205,"""Urinary catheter care and CAUTI prevention in Canadian practice: SBAR, escalation, and interprofessional handoff discipline (Canadian RPN REx-PN prep)"""
"rex-pn-rpn-wound-dressing-selection-canada-acute-med-surg-canada",2193,"""Wound dressings, exudate, and infection surveillance: Acute med-surg priorities for practical nurses (Canadian RPN REx-PN prep)"""
"rex-pn-rpn-wound-dressing-selection-canada-clinical-judgment-priorities",2184,"""Wound dressings, exudate, and infection surveillance: Clinical judgment and prioritization drills (Canadian RPN REx-PN prep)"""
"rex-pn-rpn-wound-dressing-selection-canada-delegation-ucp-canada",2191,"""Wound dressings, exudate, and infection surveillance: Delegation and unregulated care provider collaboration (Canadian RPN REx-PN prep)"""
"rex-pn-rpn-wound-dressing-selection-canada-documentation-exam-focus",2187,"""Wound dressings, exudate, and infection surveillance: Documentation expectations on Canadian PN exams (Canadian RPN REx-PN prep)"""
"rex-pn-rpn-wound-dressing-selection-canada-home-community-nursing-canada",2194,"""Wound dressings, exudate, and infection surveillance: Home and community care realities for RPN practice (Canadian RPN REx-PN prep)"""
"rex-pn-rpn-wound-dressing-selection-canada-ipac-routine-practices-canada",2183,"""Wound dressings, exudate, and infection surveillance: IPAC routine practices and outbreak language (Canadian RPN REx-PN prep)"""
"rex-pn-rpn-wound-dressing-selection-canada-ltc-ontario-shift-realities",2198,"""Wound dressings, exudate, and infection surveillance: LTC shift realities and resident-centred pacing (Canadian RPN REx-PN prep)"""
"rex-pn-rpn-wound-dressing-selection-canada-medication-safety-mar-canada",2195,"""Wound dressings, exudate, and infection surveillance: Medication safety, MAR checks, and high-alert vigilance (Canadian RPN REx-PN prep)"""
"rex-pn-rpn-wound-dressing-selection-canada-patient-teaching-health-literacy",2189,"""Wound dressings, exudate, and infection surveillance: Patient teaching and health literacy for Canadian PN learners (Canadian RPN REx-PN prep)"""
"rex-pn-rpn-wound-dressing-selection-canada-rex-pn-ngn-item-thinking",2192,"""Wound dressings, exudate, and infection surveillance: REx-PN and NGN-style case thinking (Canadian RPN REx-PN prep)"""
"rex-pn-rpn-wound-dressing-selection-canada-sbar-escalation-canada",2192,"""Wound dressings, exudate, and infection surveillance: SBAR, escalation, and interprofessional handoff discipline (Canadian RPN REx-PN prep)"""