url,source,status,canonical,canonicalIssue,issue
https://nursenest.ca,sitemap-core.xml,504,,canonical_missing,http_504|noindex|canonical_missing
https://nursenest.ca/about,sitemap-core.xml,504,,canonical_missing,http_504|noindex|canonical_missing
https://nursenest.ca/acceptable-use,sitemap-core.xml,504,,canonical_missing,http_504|noindex|canonical_missing
https://nursenest.ca/acls-rhythms,sitemap-clinical-modules.xml,504,,canonical_missing,http_504|noindex|canonical_missing
https://nursenest.ca/adaptive-nclex-testing,sitemap-core.xml,504,,canonical_missing,http_504|noindex|canonical_missing
https://nursenest.ca/advanced-hemodynamic-monitoring,sitemap-clinical-modules.xml,504,,canonical_missing,http_504|noindex|canonical_missing
https://nursenest.ca/advanced-labs-interpretation,sitemap-clinical-modules.xml,504,,canonical_missing,http_504|noindex|canonical_missing
https://nursenest.ca/allied-health,sitemap-allied.xml,504,,canonical_missing,http_504|noindex|canonical_missing
https://nursenest.ca/allied-health/community-health-worker-exam-prep,sitemap-allied.xml,504,,canonical_missing,http_504|noindex|canonical_missing
https://nursenest.ca/allied-health/dental-assistant-exam-prep,sitemap-allied.xml,504,,canonical_missing,http_504|noindex|canonical_missing
https://nursenest.ca/allied-health/dental-hygiene-exam-prep,sitemap-allied.xml,504,,canonical_missing,http_504|noindex|canonical_missing
https://nursenest.ca/allied-health/dietetic-technician-exam-prep,sitemap-allied.xml,504,,canonical_missing,http_504|noindex|canonical_missing
https://nursenest.ca/allied-health/emt-exam-prep,sitemap-allied.xml,504,,canonical_missing,http_504|noindex|canonical_missing
https://nursenest.ca/allied-health/imaging-exam-prep,sitemap-allied.xml,504,,canonical_missing,http_504|noindex|canonical_missing
https://nursenest.ca/allied-health/imaging/blog/common-imaging-mistakes,sitemap-blog.xml,504,,canonical_missing,http_504|noindex|canonical_missing
https://nursenest.ca/allied-health/imaging/blog/how-to-pass-arrt-exam,sitemap-blog.xml,504,,canonical_missing,http_504|noindex|canonical_missing
https://nursenest.ca/allied-health/imaging/blog/top-50-radiology-questions,sitemap-blog.xml,504,,canonical_missing,http_504|noindex|canonical_missing
https://nursenest.ca/allied-health/lab-assistant-exam-prep,sitemap-allied.xml,504,,canonical_missing,http_504|noindex|canonical_missing
https://nursenest.ca/allied-health/medical-assistant-exam-prep,sitemap-allied.xml,504,,canonical_missing,http_504|noindex|canonical_missing
https://nursenest.ca/allied-health/mental-health-addictions-exam-prep,sitemap-allied.xml,504,,canonical_missing,http_504|noindex|canonical_missing
https://nursenest.ca/allied-health/mlt-exam-prep,sitemap-allied.xml,504,,canonical_missing,http_504|noindex|canonical_missing
https://nursenest.ca/allied-health/mlt/blog/blood-bank-antibody-identification,sitemap-blog.xml,504,,canonical_missing,http_504|noindex|canonical_missing
https://nursenest.ca/allied-health/mlt/blog/blood-banking-abo-rh-typing,sitemap-blog.xml,504,,canonical_missing,http_504|noindex|canonical_missing
https://nursenest.ca/allied-health/mlt/blog/clinical-chemistry-electrolyte-panels,sitemap-blog.xml,504,,canonical_missing,http_504|noindex|canonical_missing
https://nursenest.ca/allied-health/mlt/blog/coagulation-cascade-mixing-studies,sitemap-blog.xml,504,,canonical_missing,http_504|noindex|canonical_missing
https://nursenest.ca/allied-health/mlt/blog/csmls-vs-ascp-certification-comparison,sitemap-blog.xml,504,,canonical_missing,http_504|noindex|canonical_missing
https://nursenest.ca/allied-health/mlt/blog/hematology-cbc-interpretation-guide,sitemap-blog.xml,504,,canonical_missing,http_504|noindex|canonical_missing
https://nursenest.ca/allied-health/mlt/blog/histotechnology-special-stains-guide,sitemap-blog.xml,504,,canonical_missing,http_504|noindex|canonical_missing
https://nursenest.ca/allied-health/mlt/blog/immunology-serology-hiv-hepatitis-testing,sitemap-blog.xml,504,,canonical_missing,http_504|noindex|canonical_missing
https://nursenest.ca/allied-health/mlt/blog/microbiology-gram-stain-technique,sitemap-blog.xml,504,,canonical_missing,http_504|noindex|canonical_missing
https://nursenest.ca/allied-health/mlt/blog/mlt-study-strategies-exam-day-tips,sitemap-blog.xml,504,,canonical_missing,http_504|noindex|canonical_missing
https://nursenest.ca/allied-health/mlt/blog/molecular-diagnostics-pcr-primer,sitemap-blog.xml,504,,canonical_missing,http_504|noindex|canonical_missing
https://nursenest.ca/allied-health/mlt/blog/parasitology-ova-parasites-exam-guide,sitemap-blog.xml,504,,canonical_missing,http_504|noindex|canonical_missing
https://nursenest.ca/allied-health/mlt/blog/quality-control-westgard-rules-explained,sitemap-blog.xml,504,,canonical_missing,http_504|noindex|canonical_missing
https://nursenest.ca/allied-health/mlt/blog/specimen-collection-order-of-draw,sitemap-blog.xml,504,,canonical_missing,http_504|noindex|canonical_missing
https://nursenest.ca/allied-health/mlt/blog/urinalysis-body-fluids-review,sitemap-blog.xml,504,,canonical_missing,http_504|noindex|canonical_missing
https://nursenest.ca/allied-health/occupational-therapy-exam-prep,sitemap-allied.xml,504,,canonical_missing,http_504|noindex|canonical_missing
https://nursenest.ca/allied-health/ota-exam-prep,sitemap-allied.xml,504,,canonical_missing,http_504|noindex|canonical_missing
https://nursenest.ca/allied-health/paramedic-exam-prep,sitemap-allied.xml,504,,canonical_missing,http_504|noindex|canonical_missing
https://nursenest.ca/allied-health/paramedic/blog/common-ems-mistakes-1,sitemap-blog.xml,504,,canonical_missing,http_504|noindex|canonical_missing
